seed,Area_mm2,Length_mm,Width_mm,Circularity,FeretDistance,species
1,24.339,5.811,5.333,0.889,5.991,adzuki
2,24.943,6.177,5.142,0.866,6.53,adzuki
3,24.791,6.237,5.061,0.888,6.444,adzuki
4,25.911,6.388,5.164,0.885,6.517,adzuki
5,19.741,5.45,4.612,0.819,5.702,adzuki
6,22.346,5.806,4.9,0.881,6.13,adzuki
7,29.331,7.217,5.175,0.852,7.206,adzuki
8,28.029,6.388,5.587,0.893,6.623,adzuki
9,30.881,6.932,5.672,0.857,7.15,adzuki
10,24.085,6.062,5.059,0.88,6.105,adzuki
11,25.555,6.481,5.02,0.876,6.55,adzuki
12,22.258,5.806,4.881,0.877,6.032,adzuki
13,27.221,6.087,5.694,0.908,6.34,adzuki
14,25.998,6.402,5.17,0.877,6.555,adzuki
15,24.66,6.079,5.165,0.717,7.082,adzuki
16,18.256,5.294,4.391,0.889,5.371,adzuki
17,21.589,5.78,4.755,0.879,6.043,adzuki
18,28.116,6.413,5.582,0.906,6.563,adzuki
19,22.382,6.427,4.434,0.869,6.352,adzuki
20,28.96,6.532,5.645,0.887,6.613,adzuki
21,25.977,6.539,5.058,0.883,6.674,adzuki
22,25.882,6.026,5.469,0.881,6.436,adzuki
23,25.547,6.421,5.066,0.877,6.529,adzuki
24,26.02,6.511,5.088,0.858,6.663,adzuki
25,20.257,5.629,4.582,0.857,5.716,adzuki
26,22.215,5.588,5.061,0.883,5.793,adzuki
27,24.434,5.987,5.196,0.611,6.876,adzuki
28,26.995,6.492,5.294,0.899,6.639,adzuki
29,23.364,5.778,5.148,0.891,6.051,adzuki
30,25.998,6.427,5.151,0.887,6.488,adzuki
31,25.293,6.188,5.204,0.903,6.34,adzuki
32,26.639,6.451,5.258,0.863,6.73,adzuki
33,20.381,5.678,4.57,0.883,5.876,adzuki
34,25.489,6.442,5.038,0.89,6.51,adzuki
35,25.475,6.07,5.343,0.889,6.434,adzuki
36,24.194,6.658,4.627,0.843,6.705,adzuki
37,25.904,6.433,5.127,0.877,6.474,adzuki
38,22.448,6.138,4.656,0.875,6.248,adzuki
39,24.427,5.96,5.218,0.878,6.171,adzuki
40,21.007,5.818,4.597,0.864,5.947,adzuki
41,25.205,6.033,5.32,0.869,6.575,adzuki
42,19.894,5.329,4.753,0.905,5.433,adzuki
43,28.349,6.825,5.289,0.849,6.944,adzuki
44,32.86,7.432,5.63,0.873,7.527,adzuki
45,26.944,6.443,5.324,0.872,6.625,adzuki
46,25.998,6.318,5.239,0.862,6.625,adzuki
47,28.502,6.254,5.802,0.866,6.434,adzuki
48,27.396,6.486,5.378,0.877,6.794,adzuki
49,26.886,6.46,5.299,0.889,6.662,adzuki
50,26.035,6.454,5.136,0.883,6.679,adzuki
51,24.456,6.143,5.069,0.891,6.159,adzuki
52,26.071,6.51,5.099,0.871,6.719,adzuki
53,26.413,6.707,5.015,0.789,6.968,adzuki
54,27.788,6.635,5.333,0.884,6.719,adzuki
55,22.469,5.592,5.116,0.907,5.801,adzuki
56,26.399,6.504,5.168,0.716,6.585,adzuki
57,26.013,6.134,5.399,0.89,6.311,adzuki
58,22.113,5.656,4.978,0.878,6.163,adzuki
59,24.456,6.5,4.79,0.85,6.704,adzuki
60,30.961,6.756,5.835,0.88,6.995,adzuki
61,20.468,5.793,4.499,0.882,5.959,adzuki
62,20.097,5.621,4.552,0.88,5.756,adzuki
63,28.123,6.34,5.648,0.899,6.674,adzuki
64,28.698,6.61,5.528,0.857,6.869,adzuki
65,21.538,5.871,4.671,0.874,6.04,adzuki
66,31.63,7.165,5.62,0.874,7.271,adzuki
67,23.947,5.892,5.175,0.878,6.089,adzuki
68,25.213,6.253,5.134,0.896,6.311,adzuki
69,29.957,6.659,5.728,0.895,6.959,adzuki
70,22.775,5.626,5.154,0.88,5.991,adzuki
71,27.847,6.503,5.452,0.88,6.609,adzuki
72,28.145,6.737,5.319,0.876,6.848,adzuki
73,26.566,6.368,5.312,0.878,6.444,adzuki
74,26.981,6.688,5.136,0.878,6.835,adzuki
75,24.943,6.489,4.894,0.792,6.88,adzuki
76,30.175,6.486,5.924,0.883,6.799,adzuki
77,29.302,6.71,5.56,0.881,6.859,adzuki
78,24.238,6.133,5.032,0.869,6.409,adzuki
79,25.635,6.385,5.112,0.865,6.709,adzuki
80,22.222,5.786,4.89,0.884,6.089,adzuki
81,19.406,5.104,4.841,0.867,5.633,adzuki
82,24.609,6.145,5.099,0.879,6.297,adzuki
83,21.713,5.939,4.655,0.878,5.947,adzuki
84,25.846,6.428,5.12,0.87,6.652,adzuki
85,26.028,6.664,4.973,0.872,6.674,adzuki
86,20.861,5.521,4.811,0.894,5.751,adzuki
87,24.39,6.033,5.148,0.873,6.375,adzuki
88,23.255,6.107,4.849,0.851,6.357,adzuki
89,25.504,6.066,5.353,0.826,6.411,adzuki
90,24.267,5.909,5.229,0.84,6.201,adzuki
91,31.47,6.852,5.848,0.836,7.301,adzuki
92,19.661,5.315,4.71,0.832,5.535,adzuki
93,22.513,5.802,4.94,0.874,6.116,adzuki
94,24.288,6.237,4.959,0.879,6.463,adzuki
95,25.504,6.14,5.289,0.87,6.496,adzuki
96,23.685,5.88,5.129,0.869,6.128,adzuki
97,26.981,6.593,5.21,0.543,8.716,adzuki
98,24.318,6.046,5.121,0.888,6.422,adzuki
99,28.632,6.919,5.269,0.831,7.313,adzuki
1,2.692,2.216,1.547,0.851,2.261,alfalfa
2,2.125,2.129,1.271,0.855,2.178,alfalfa
3,2.211,2.105,1.338,0.856,2.16,alfalfa
4,2.649,2.374,1.421,0.824,2.44,alfalfa
5,2.664,2.54,1.335,0.793,2.632,alfalfa
6,3.037,2.616,1.478,0.794,2.661,alfalfa
7,2.183,1.923,1.445,0.911,2,alfalfa
8,3.181,2.627,1.542,0.821,2.68,alfalfa
9,2.764,2.496,1.41,0.803,2.587,alfalfa
10,2.42,2.248,1.371,0.866,2.331,alfalfa
11,2.7,2.493,1.379,0.845,2.549,alfalfa
12,2.448,2.328,1.339,0.786,2.423,alfalfa
13,1.924,1.736,1.411,0.839,1.921,alfalfa
14,2.484,2.254,1.403,0.848,2.327,alfalfa
15,2.491,2.419,1.311,0.753,2.47,alfalfa
16,2.412,2.252,1.364,0.866,2.354,alfalfa
17,2.377,2.271,1.332,0.831,2.388,alfalfa
18,2.527,2.386,1.349,0.817,2.426,alfalfa
19,2.046,2.136,1.22,0.86,2.16,alfalfa
20,2.901,2.648,1.395,0.739,2.733,alfalfa
21,2.262,2.277,1.264,0.823,2.305,alfalfa
22,2.542,2.28,1.419,0.816,2.313,alfalfa
23,2.692,2.129,1.61,0.919,2.203,alfalfa
24,2.692,2.545,1.347,0.795,2.592,alfalfa
25,1.924,2.003,1.223,0.839,2.093,alfalfa
26,3.396,2.668,1.621,0.813,2.713,alfalfa
27,2.534,2.148,1.503,0.859,2.224,alfalfa
28,2.477,2.266,1.392,0.851,2.392,alfalfa
29,2.578,2.244,1.463,0.846,2.282,alfalfa
30,2.276,2.329,1.244,0.777,2.386,alfalfa
31,2.506,2.381,1.34,0.83,2.409,alfalfa
32,2.793,2.541,1.399,0.783,2.528,alfalfa
33,2.764,2.329,1.511,0.834,2.363,alfalfa
34,3.023,2.317,1.661,0.847,2.423,alfalfa
35,2.463,2.255,1.391,0.861,2.314,alfalfa
36,1.996,2.152,1.181,0.803,2.172,alfalfa
37,2.341,2.058,1.448,0.919,2.096,alfalfa
38,3.238,2.656,1.552,0.802,2.75,alfalfa
39,2.606,2.157,1.538,0.884,2.237,alfalfa
40,2.19,2.114,1.319,0.875,2.17,alfalfa
41,2.412,2.325,1.321,0.824,2.398,alfalfa
42,3.396,2.698,1.603,0.824,2.767,alfalfa
43,2.664,2.42,1.402,0.803,2.467,alfalfa
44,2.427,2.291,1.349,0.823,2.398,alfalfa
45,2.154,2.012,1.363,0.883,2.093,alfalfa
46,2.427,2.301,1.343,0.784,2.36,alfalfa
47,2.19,2.157,1.293,0.824,2.261,alfalfa
48,2.657,2.196,1.54,0.858,2.305,alfalfa
49,2.384,2.199,1.38,0.847,2.282,alfalfa
50,2.592,2.318,1.424,0.845,2.392,alfalfa
51,2.089,2.127,1.251,0.835,2.21,alfalfa
52,2.549,2.333,1.391,0.829,2.412,alfalfa
53,2.427,2.168,1.425,0.877,2.239,alfalfa
54,2.85,2.344,1.548,0.849,2.446,alfalfa
55,2.477,2.262,1.395,0.84,2.313,alfalfa
56,3.152,2.68,1.498,0.785,2.675,alfalfa
57,2.649,2.444,1.38,0.77,2.467,alfalfa
58,2.764,2.493,1.412,0.816,2.599,alfalfa
59,2.642,2.472,1.361,0.787,2.502,alfalfa
60,2.57,2.415,1.355,0.8,2.446,alfalfa
61,2.24,2.372,1.203,0.772,2.423,alfalfa
62,2.707,2.462,1.4,0.811,2.594,alfalfa
63,2.29,2.013,1.449,0.922,2.063,alfalfa
64,2.85,2.588,1.402,0.76,2.659,alfalfa
65,2.204,2.103,1.334,0.859,2.165,alfalfa
66,2.599,2.049,1.615,0.853,2.224,alfalfa
67,2.8,2.326,1.533,0.871,2.412,alfalfa
68,1.881,1.827,1.311,0.899,1.936,alfalfa
69,2.865,2.434,1.499,0.84,2.542,alfalfa
70,2.362,2.247,1.339,0.834,2.327,alfalfa
71,2.427,2.38,1.298,0.815,2.41,alfalfa
72,2.355,2.182,1.374,0.817,2.305,alfalfa
73,2.14,2.199,1.239,0.834,2.289,alfalfa
74,2.183,2.129,1.305,0.842,2.16,alfalfa
75,1.939,1.955,1.262,0.884,1.994,alfalfa
76,2.807,2.526,1.415,0.816,2.592,alfalfa
77,2.398,2.347,1.301,0.787,2.412,alfalfa
78,3.482,2.863,1.548,0.794,2.828,alfalfa
79,2.52,2.178,1.473,0.904,2.274,alfalfa
80,3.209,2.557,1.598,0.822,2.649,alfalfa
81,2.298,2.23,1.312,0.83,2.313,alfalfa
82,2.52,2.318,1.384,0.847,2.423,alfalfa
83,2.642,2.438,1.38,0.809,2.47,alfalfa
84,2.75,2.392,1.463,0.824,2.509,alfalfa
85,3.317,2.587,1.633,0.833,2.68,alfalfa
86,2.592,2.297,1.436,0.851,2.374,alfalfa
87,2.513,2.369,1.35,0.817,2.44,alfalfa
88,3.023,2.666,1.444,0.779,2.661,alfalfa
89,2.197,2.14,1.307,0.827,2.203,alfalfa
90,2.441,2.306,1.348,0.853,2.444,alfalfa
91,2.994,2.354,1.619,0.878,2.428,alfalfa
92,2.118,1.914,1.409,0.881,2.049,alfalfa
93,2.269,2.122,1.362,0.869,2.237,alfalfa
94,2.98,2.516,1.508,0.83,2.594,alfalfa
95,3.267,2.724,1.527,0.782,2.776,alfalfa
96,2.455,2.149,1.455,0.872,2.21,alfalfa
97,2.111,1.689,1.592,0.92,1.833,alfalfa
98,2.118,1.902,1.418,0.855,2.093,alfalfa
99,2.987,2.537,1.499,0.82,2.61,alfalfa
100,2.448,2.271,1.373,0.856,2.313,alfalfa
101,2.621,2.406,1.387,0.79,2.44,alfalfa
1,16.797,7.355,2.908,0.653,7.417,barley
2,19.123,7.499,3.247,0.694,7.638,barley
3,19.929,7.445,3.408,0.68,7.715,barley
4,21.113,7.636,3.52,0.714,7.855,barley
5,18.16,8.33,2.776,0.553,8.575,barley
6,19.986,7.557,3.367,0.7,7.638,barley
7,17.753,6.915,3.269,0.718,7.09,barley
8,18.231,6.923,3.353,0.725,7.109,barley
9,17.603,7.028,3.189,0.707,7.265,barley
10,19.023,6.934,3.493,0.745,7.159,barley
11,19.793,7.473,3.372,0.694,7.735,barley
12,19.023,7.361,3.29,0.695,7.532,barley
13,16.262,6.761,3.063,0.713,6.949,barley
14,21.184,7.962,3.388,0.692,8.012,barley
15,17.86,6.86,3.315,0.736,6.942,barley
16,17.175,7.415,2.949,0.663,7.533,barley
17,17.782,7.377,3.069,0.674,7.682,barley
18,20.335,7.806,3.317,0.681,7.919,barley
19,21.997,8.169,3.429,0.682,8.227,barley
20,15.228,6.404,3.028,0.737,6.467,barley
21,17.796,7.143,3.172,0.695,7.373,barley
22,20.713,7.453,3.538,0.723,7.752,barley
23,18.616,7.242,3.273,0.707,7.438,barley
24,16.334,6.593,3.155,0.745,6.653,barley
25,14.993,6.655,2.868,0.676,6.864,barley
26,20.021,7.295,3.494,0.715,7.669,barley
27,16.833,6.635,3.23,0.72,6.862,barley
28,18.103,7.358,3.132,0.702,7.334,barley
29,22.981,7.855,3.725,0.731,8.095,barley
30,14.208,5.736,3.154,0.778,5.876,barley
31,18.652,7.072,3.358,0.683,7.471,barley
32,22.054,7.809,3.596,0.71,8.074,barley
33,14.108,6.01,2.989,0.734,6.165,barley
34,16.07,6.773,3.021,0.698,6.84,barley
35,16.419,7.22,2.896,0.664,7.374,barley
36,17.546,7.225,3.092,0.677,7.404,barley
37,20.021,7.423,3.434,0.72,7.71,barley
38,14.957,6.58,2.894,0.684,6.712,barley
39,16.32,6.832,3.041,0.701,7.075,barley
40,17.218,7.208,3.041,0.677,7.275,barley
41,17.133,6.567,3.322,0.745,6.736,barley
42,17.068,7.125,3.05,0.662,7.406,barley
43,19.379,7.248,3.404,0.691,7.456,barley
44,19.708,7.585,3.308,0.703,7.507,barley
45,16.049,6.568,3.111,0.73,6.77,barley
46,16.619,6.798,3.113,0.712,6.907,barley
47,18.524,7.145,3.301,0.727,7.387,barley
48,17.924,7.307,3.123,0.664,7.601,barley
49,16.241,6.36,3.251,0.753,6.555,barley
50,18.31,7.137,3.266,0.698,7.404,barley
51,20.456,7.561,3.445,0.697,7.984,barley
52,21.498,7.955,3.441,0.675,8.129,barley
53,18.509,7.326,3.217,0.704,7.593,barley
54,18.631,6.805,3.486,0.728,7.139,barley
55,16.733,6.676,3.191,0.748,6.634,barley
56,20.257,7.528,3.426,0.711,7.692,barley
57,18.802,7.387,3.24,0.7,7.608,barley
58,19.28,7.024,3.495,0.705,7.404,barley
59,17.511,6.838,3.261,0.714,7.071,barley
60,21.07,7.546,3.555,0.721,7.718,barley
61,15.984,6.296,3.233,0.75,6.573,barley
62,20.292,7.5,3.445,0.701,7.786,barley
63,16.862,6.787,3.163,0.722,6.928,barley
64,18.203,6.748,3.434,0.752,6.937,barley
65,15.663,6.836,2.918,0.692,7.054,barley
66,18.16,7.458,3.1,0.665,7.569,barley
67,16.512,6.74,3.119,0.715,6.87,barley
68,19.037,7.286,3.327,0.713,7.421,barley
69,21.619,7.826,3.517,0.684,8.209,barley
70,15.478,6.772,2.91,0.693,6.967,barley
71,18.937,7.256,3.323,0.726,7.375,barley
72,17.974,6.959,3.289,0.736,6.893,barley
73,20.271,7.781,3.317,0.663,8.203,barley
74,17.846,6.816,3.334,0.716,7.018,barley
75,15.407,6.465,3.034,0.72,6.622,barley
76,19.13,7.227,3.37,0.715,7.482,barley
77,21.191,7.769,3.473,0.697,7.97,barley
78,19.365,7.613,3.239,0.681,7.805,barley
79,18.631,7.154,3.316,0.717,7.404,barley
80,17.589,7.024,3.188,0.706,7.228,barley
81,18.902,7.306,3.294,0.706,7.459,barley
82,17.118,6.842,3.186,0.7,7.197,barley
83,15.877,6.834,2.958,0.681,6.987,barley
84,16.562,6.57,3.21,0.714,6.912,barley
85,21.098,7.571,3.548,0.703,7.937,barley
86,12.332,5.748,2.732,0.733,5.665,barley
87,20.999,7.703,3.471,0.703,7.961,barley
88,20.542,7.491,3.491,0.716,7.8,barley
89,19.18,7.093,3.443,0.742,7.344,barley
90,17.004,7.043,3.074,0.707,7.022,barley
91,17.447,6.968,3.188,0.708,7.293,barley
92,16.184,6.844,3.011,0.691,6.967,barley
93,17.689,7.144,3.153,0.702,7.374,barley
94,20.164,7.326,3.504,0.719,7.54,barley
95,19.251,6.961,3.521,0.758,7.09,barley
96,17.033,6.947,3.122,0.708,7.107,barley
97,17.197,6.555,3.34,0.751,6.834,barley
98,19.579,7.402,3.368,0.682,7.704,barley
99,18.652,7.51,3.162,0.67,7.772,barley
100,21.569,7.882,3.484,0.669,8.129,barley
101,17.996,6.945,3.299,0.737,7.113,barley
1,2.211,1.907,1.476,0.877,1.947,broccoli
2,1.678,1.527,1.399,0.667,1.707,broccoli
3,2.666,2.125,1.597,0.851,2.189,broccoli
4,1.941,1.719,1.437,0.887,1.779,broccoli
5,2.211,1.816,1.55,0.87,1.885,broccoli
6,1.713,1.717,1.271,0.792,1.802,broccoli
7,1.877,1.614,1.48,0.942,1.707,broccoli
8,2.197,1.735,1.612,0.856,1.857,broccoli
9,1.813,1.67,1.382,0.772,1.779,broccoli
10,2.197,1.892,1.478,0.656,1.984,broccoli
11,2.118,1.752,1.54,0.877,1.841,broccoli
12,2.644,1.893,1.779,0.927,2.011,broccoli
13,1.962,1.942,1.286,0.661,2.053,broccoli
14,2.41,1.838,1.669,0.901,1.976,broccoli
15,2.979,2.184,1.736,0.838,2.294,broccoli
16,2.225,1.768,1.602,0.846,1.941,broccoli
17,1.628,1.516,1.368,0.936,1.637,broccoli
18,2.09,1.749,1.521,0.897,1.866,broccoli
19,1.72,1.638,1.338,0.88,1.707,broccoli
20,2.289,1.816,1.605,0.83,2.038,broccoli
21,1.514,1.697,1.136,0.491,1.849,broccoli
22,2.14,1.849,1.474,0.892,1.941,broccoli
23,2.9,2.153,1.715,0.816,2.278,broccoli
24,1.379,1.494,1.176,0.7,1.663,broccoli
25,1.99,1.76,1.44,0.917,1.824,broccoli
26,1.379,1.402,1.253,0.845,1.568,broccoli
27,1.685,1.671,1.284,0.905,1.738,broccoli
28,1.464,1.466,1.272,0.82,1.55,broccoli
29,1.798,1.603,1.429,0.917,1.738,broccoli
30,2.012,1.711,1.497,0.812,1.941,broccoli
31,2.346,1.856,1.609,0.923,1.926,broccoli
32,2.694,2.131,1.61,0.873,2.232,broccoli
33,1.408,1.508,1.188,0.882,1.575,broccoli
34,1.386,1.567,1.126,0.824,1.68,broccoli
35,1.791,1.524,1.496,0.851,1.656,broccoli
36,2.367,2.06,1.463,0.723,2.133,broccoli
37,2.673,1.984,1.716,0.687,2.094,broccoli
38,2.182,1.787,1.555,0.857,1.908,broccoli
39,2.211,1.753,1.606,0.915,1.824,broccoli
40,2.588,1.938,1.7,0.833,2.058,broccoli
41,1.4,1.357,1.314,0.808,1.508,broccoli
42,1.727,1.583,1.389,0.884,1.68,broccoli
43,1.813,1.739,1.327,0.792,1.923,broccoli
44,1.486,1.747,1.083,0.792,1.885,broccoli
45,2.005,1.71,1.493,0.916,1.779,broccoli
46,2.175,1.874,1.478,0.869,1.99,broccoli
47,2.239,1.939,1.471,0.79,2.053,broccoli
48,1.969,1.857,1.35,0.858,1.923,broccoli
49,2.431,1.897,1.632,0.872,1.966,broccoli
50,2.246,1.851,1.545,0.869,1.966,broccoli
51,2.353,1.983,1.511,0.801,2.115,broccoli
52,1.699,1.66,1.303,0.836,1.738,broccoli
53,3.242,2.418,1.707,0.858,2.48,broccoli
54,2.851,1.92,1.891,0.924,2.039,broccoli
55,2.325,1.917,1.544,0.863,2.031,broccoli
56,1.365,1.473,1.179,0.874,1.568,broccoli
57,2.538,1.868,1.729,0.904,1.966,broccoli
58,2.154,1.864,1.471,0.863,2.053,broccoli
59,1.827,1.851,1.257,0.732,1.902,broccoli
60,1.152,1.37,1.07,0.816,1.472,broccoli
61,1.955,1.662,1.497,0.894,1.787,broccoli
62,1.422,1.402,1.292,0.872,1.568,broccoli
63,2.218,1.742,1.621,0.895,1.872,broccoli
64,2.346,1.848,1.617,0.93,1.923,broccoli
65,2.189,1.811,1.54,0.799,1.966,broccoli
66,2.545,1.847,1.755,0.761,1.999,broccoli
67,1.727,1.554,1.415,0.761,1.738,broccoli
68,2.481,1.97,1.603,0.921,2.058,broccoli
69,2.488,1.817,1.744,0.864,2.038,broccoli
70,2.779,2.124,1.666,0.907,2.189,broccoli
71,2.865,2.01,1.815,0.849,2.159,broccoli
72,1.884,1.621,1.479,0.902,1.707,broccoli
73,2.154,1.762,1.557,0.689,1.872,broccoli
74,1.855,1.674,1.412,0.862,1.793,broccoli
75,2.993,2.301,1.656,0.853,2.462,broccoli
76,2.005,1.788,1.428,0.783,1.885,broccoli
77,1.656,1.744,1.209,0.848,1.81,broccoli
78,2.04,1.668,1.558,0.875,1.849,broccoli
79,2.211,1.832,1.537,0.812,1.976,broccoli
80,2.133,1.859,1.46,0.846,1.999,broccoli
81,1.706,1.705,1.274,0.863,1.738,broccoli
82,1.464,1.535,1.214,0.827,1.591,broccoli
83,1.038,1.34,0.986,0.901,1.403,broccoli
84,1.564,1.652,1.206,0.528,1.851,broccoli
85,2.516,2.021,1.585,0.865,2.159,broccoli
86,2.851,2.155,1.684,0.91,2.27,broccoli
87,1.898,1.716,1.408,0.891,1.761,broccoli
88,2.573,1.892,1.731,0.853,2.039,broccoli
89,1.926,1.766,1.389,0.818,1.824,broccoli
90,2.367,1.847,1.632,0.894,1.926,broccoli
91,2.31,1.9,1.548,0.791,1.984,broccoli
92,2.069,1.91,1.379,0.85,1.984,broccoli
93,2.133,1.768,1.536,0.915,1.885,broccoli
94,2.246,1.867,1.532,0.907,1.974,broccoli
95,2.95,2.307,1.628,0.861,2.414,broccoli
96,2.04,1.786,1.454,0.875,1.895,broccoli
97,2.815,2.036,1.761,0.839,2.176,broccoli
98,1.884,1.614,1.487,0.902,1.761,broccoli
99,2.602,1.976,1.676,0.897,2.082,broccoli
100,2.076,1.682,1.571,0.949,1.779,broccoli
1,12.662,4.351,3.706,0.792,4.913,buckwheat
2,8.207,3.948,2.647,0.682,4.097,buckwheat
3,11.371,4.089,3.541,0.8,4.615,buckwheat
4,12.203,4.376,3.551,0.824,4.769,buckwheat
5,12.354,4.222,3.726,0.817,4.665,buckwheat
6,10.259,3.925,3.328,0.823,4.263,buckwheat
7,13.43,4.287,3.988,0.816,4.787,buckwheat
8,10.46,4.017,3.316,0.77,4.527,buckwheat
9,12.411,4.277,3.694,0.767,4.888,buckwheat
10,10.266,3.859,3.388,0.821,4.205,buckwheat
11,9.958,3.736,3.394,0.786,4.208,buckwheat
12,12.39,4.529,3.483,0.818,4.886,buckwheat
13,13.896,4.259,4.154,0.826,4.75,buckwheat
14,9.9,3.561,3.54,0.853,3.908,buckwheat
15,12.311,4.125,3.8,0.786,4.677,buckwheat
16,11.945,4.138,3.675,0.839,4.515,buckwheat
17,12.225,4.383,3.551,0.762,4.934,buckwheat
18,13.437,4.419,3.871,0.843,4.741,buckwheat
19,13.136,4.374,3.823,0.823,4.86,buckwheat
20,10.223,3.952,3.294,0.739,4.54,buckwheat
21,11.608,3.904,3.786,0.835,4.263,buckwheat
22,13.05,4.452,3.732,0.827,4.829,buckwheat
23,9.369,3.576,3.336,0.803,4.112,buckwheat
24,13.817,4.368,4.027,0.824,4.851,buckwheat
25,8.781,3.424,3.265,0.693,4.067,buckwheat
26,14.448,4.485,4.102,0.848,4.807,buckwheat
27,11.679,4.11,3.618,0.852,4.475,buckwheat
28,11.765,4.027,3.72,0.802,4.502,buckwheat
29,12.698,4.279,3.778,0.888,4.432,buckwheat
30,13.143,4.345,3.851,0.829,4.777,buckwheat
31,13.925,4.311,4.113,0.831,4.769,buckwheat
32,11.973,4.033,3.78,0.808,4.534,buckwheat
33,11.428,4.074,3.571,0.804,4.372,buckwheat
34,13.846,4.261,4.137,0.825,4.78,buckwheat
35,10.926,3.803,3.658,0.797,4.327,buckwheat
36,11.127,3.966,3.572,0.841,4.263,buckwheat
37,13.989,4.403,4.045,0.832,4.791,buckwheat
38,13.853,4.322,4.081,0.84,4.586,buckwheat
39,12.619,4.494,3.576,0.788,4.957,buckwheat
40,13.566,4.331,3.988,0.785,4.866,buckwheat
41,12.684,4.116,3.924,0.818,4.612,buckwheat
42,12.361,4.066,3.871,0.809,4.61,buckwheat
43,10.453,3.985,3.34,0.816,4.158,buckwheat
44,9.054,3.556,3.242,0.828,3.948,buckwheat
45,10.869,3.828,3.615,0.866,3.948,buckwheat
46,10.015,3.777,3.376,0.812,4.179,buckwheat
47,10.381,3.743,3.531,0.817,4.167,buckwheat
48,11.658,4.347,3.415,0.855,4.561,buckwheat
49,10.991,4.14,3.38,0.812,4.558,buckwheat
50,10.897,4.113,3.374,0.773,4.707,buckwheat
51,12.289,4.188,3.736,0.812,4.698,buckwheat
52,11.981,4.072,3.746,0.837,4.49,buckwheat
53,11.148,4.093,3.468,0.806,4.342,buckwheat
54,9.706,3.562,3.469,0.714,4.205,buckwheat
55,11.457,4.103,3.555,0.859,4.294,buckwheat
56,10.639,3.879,3.492,0.863,4.137,buckwheat
57,11.593,4.086,3.612,0.85,4.294,buckwheat
58,11.399,3.936,3.687,0.79,4.483,buckwheat
59,10.704,3.857,3.533,0.787,4.199,buckwheat
60,10.051,3.741,3.421,0.836,4.122,buckwheat
61,13.48,4.225,4.062,0.854,4.524,buckwheat
62,10.438,3.768,3.527,0.818,4.171,buckwheat
63,12.124,4.054,3.807,0.804,4.561,buckwheat
64,8.142,3.336,3.108,0.733,3.807,buckwheat
65,12.461,4.26,3.725,0.834,4.696,buckwheat
66,11.486,4.167,3.509,0.852,4.624,buckwheat
67,10.876,3.987,3.473,0.815,4.473,buckwheat
68,12.476,4.006,3.966,0.791,4.545,buckwheat
69,11.837,4.123,3.656,0.785,4.581,buckwheat
70,12.612,4.19,3.833,0.845,4.593,buckwheat
71,11.464,4.15,3.517,0.782,4.603,buckwheat
72,10.596,3.985,3.386,0.762,4.549,buckwheat
73,10.783,4.023,3.413,0.822,4.36,buckwheat
74,13.093,4.322,3.857,0.85,4.696,buckwheat
75,14.205,4.588,3.942,0.802,5.1,buckwheat
76,12.095,4.209,3.659,0.828,4.553,buckwheat
77,9.721,3.615,3.424,0.843,3.966,buckwheat
78,12.655,4.147,3.885,0.844,4.54,buckwheat
79,12.72,4.164,3.889,0.822,4.627,buckwheat
80,11.026,3.822,3.673,0.796,4.382,buckwheat
81,12.583,4.25,3.77,0.842,4.585,buckwheat
82,11.084,4.137,3.411,0.804,4.528,buckwheat
83,11.478,3.924,3.725,0.809,4.256,buckwheat
84,12.626,4.366,3.682,0.761,4.896,buckwheat
85,14.161,4.883,3.692,0.815,5.277,buckwheat
86,11.679,4.02,3.699,0.811,4.447,buckwheat
87,10.596,3.838,3.515,0.818,4.316,buckwheat
88,11.019,4.213,3.33,0.756,4.678,buckwheat
89,12.928,4.496,3.661,0.793,5.037,buckwheat
90,10.876,3.905,3.546,0.786,4.339,buckwheat
91,6.894,3.065,2.864,0.625,3.87,buckwheat
92,14.556,4.476,4.14,0.866,4.561,buckwheat
93,11.5,4.151,3.528,0.808,4.612,buckwheat
94,11.773,4.169,3.595,0.742,4.755,buckwheat
95,11.73,4.087,3.654,0.797,4.585,buckwheat
96,13.609,4.282,4.047,0.86,4.585,buckwheat
97,13.745,4.43,3.95,0.837,4.769,buckwheat
98,12.547,4.166,3.835,0.815,4.622,buckwheat
99,12.798,4.139,3.937,0.806,4.511,buckwheat
100,12.476,4.168,3.811,0.611,5.349,buckwheat
101,6.184,14.79,0.532,0.07,15.257,buckwheat
1,2.26,2.202,1.307,0.814,2.301,clover
2,2.289,2.067,1.41,0.88,2.156,clover
3,1.967,2.046,1.224,0.809,2.114,clover
4,2.225,2,1.417,0.826,2.156,clover
5,2.461,2.051,1.527,0.857,2.194,clover
6,2.496,2.156,1.474,0.844,2.322,clover
7,1.652,1.938,1.086,0.801,1.98,clover
8,2.146,1.971,1.386,0.876,2.08,clover
9,2.182,2.033,1.366,0.839,2.166,clover
10,1.631,1.597,1.3,0.897,1.713,clover
11,2.289,1.851,1.574,0.902,1.996,clover
12,2.217,1.961,1.44,0.832,2.06,clover
13,2.475,2.129,1.48,0.848,2.196,clover
14,2.782,2.232,1.587,0.85,2.37,clover
15,1.81,1.928,1.195,0.813,2.01,clover
16,2.84,2.302,1.571,0.86,2.419,clover
17,2.289,1.948,1.496,0.886,2.046,clover
18,2.654,2.011,1.68,0.925,2.092,clover
19,3.04,2.351,1.647,0.868,2.47,clover
20,2.568,2.15,1.521,0.874,2.257,clover
21,1.645,1.867,1.122,0.798,1.967,clover
22,2.625,2.232,1.498,0.833,2.37,clover
23,1.867,1.7,1.398,0.906,1.826,clover
24,2.139,2.173,1.253,0.831,2.233,clover
25,2.353,1.951,1.536,0.905,2.033,clover
26,1.402,1.586,1.125,0.873,1.692,clover
27,2.082,2.034,1.303,0.841,2.058,clover
28,2.74,2.335,1.494,0.837,2.435,clover
29,3.14,2.423,1.65,0.848,2.505,clover
30,3.054,2.314,1.681,0.88,2.422,clover
31,1.173,1.45,1.03,0.893,1.553,clover
32,1.552,1.803,1.096,0.861,1.808,clover
33,2.346,2.124,1.407,0.865,2.233,clover
34,1.659,1.903,1.11,0.828,2.005,clover
35,2.968,2.29,1.651,0.861,2.407,clover
36,1.845,2.002,1.174,0.852,2.033,clover
37,1.795,1.845,1.239,0.838,1.932,clover
38,2.06,2.128,1.233,0.812,2.199,clover
39,2.697,2.131,1.611,0.847,2.35,clover
40,1.896,1.92,1.257,0.868,2.01,clover
41,2.968,2.631,1.437,0.769,2.724,clover
42,2.096,1.984,1.345,0.856,2.089,clover
43,2.153,1.982,1.383,0.864,2.065,clover
44,2.36,1.932,1.555,0.877,2.101,clover
45,2.582,2.284,1.44,0.873,2.407,clover
46,2.446,1.972,1.58,0.852,2.135,clover
47,2.267,1.892,1.526,0.909,1.973,clover
48,2.21,1.903,1.479,0.893,2.046,clover
49,2.21,1.782,1.579,0.926,1.847,clover
50,2.425,2.11,1.463,0.859,2.225,clover
51,2.647,2.183,1.544,0.886,2.277,clover
52,2.303,2.034,1.442,0.886,2.121,clover
53,2.489,2.121,1.495,0.867,2.234,clover
54,2.217,1.889,1.494,0.867,1.98,clover
55,2.074,1.858,1.421,0.885,1.929,clover
56,2.797,2.274,1.566,0.873,2.359,clover
57,1.981,1.909,1.321,0.809,1.991,clover
58,2.282,2.028,1.433,0.899,2.156,clover
59,2.375,2.177,1.389,0.861,2.239,clover
60,2.575,2.228,1.471,0.862,2.308,clover
61,2.225,2.08,1.362,0.855,2.13,clover
62,2.217,2.053,1.375,0.874,2.161,clover
63,2.36,1.993,1.508,0.908,2.073,clover
64,3.047,2.315,1.676,0.818,2.44,clover
65,2.475,2.123,1.485,0.877,2.22,clover
66,2.167,2.05,1.346,0.885,2.168,clover
67,1.874,1.836,1.3,0.892,1.901,clover
68,2.825,2.195,1.639,0.896,2.308,clover
69,2.217,2.04,1.384,0.874,2.156,clover
70,2.139,1.85,1.472,0.896,1.973,clover
71,2.947,2.112,1.777,0.906,2.233,clover
72,2.26,1.994,1.443,0.869,2.121,clover
73,2.511,2.07,1.544,0.866,2.168,clover
74,3.076,2.418,1.62,0.83,2.47,clover
75,2.11,2.19,1.227,0.823,2.174,clover
76,2.074,1.957,1.35,0.86,2.094,clover
77,2.539,2.288,1.413,0.831,2.382,clover
78,2.425,2.224,1.388,0.851,2.277,clover
79,2.389,1.903,1.599,0.873,2.047,clover
80,2.246,2.008,1.424,0.843,2.135,clover
81,2.797,2.132,1.671,0.879,2.285,clover
82,2.039,2.034,1.276,0.798,2.269,clover
83,1.924,1.913,1.281,0.821,2.046,clover
84,2.561,2.311,1.411,0.765,2.453,clover
85,2.303,2.114,1.387,0.844,2.161,clover
86,2.468,2.204,1.425,0.88,2.308,clover
87,2.396,2.156,1.415,0.821,2.301,clover
88,2.525,2.274,1.413,0.819,2.419,clover
89,3.097,2.52,1.565,0.808,2.56,clover
90,2.446,2.102,1.482,0.893,2.199,clover
91,2.618,2.244,1.485,0.877,2.31,clover
92,2.496,1.98,1.605,0.927,2.089,clover
93,1.695,1.825,1.182,0.785,1.929,clover
94,2.174,2.043,1.355,0.851,2.161,clover
95,2.511,2.162,1.479,0.875,2.239,clover
96,2.761,2.204,1.595,0.862,2.277,clover
97,2.411,2.045,1.501,0.874,2.121,clover
98,2.418,2.029,1.517,0.914,2.089,clover
99,2.039,2.143,1.211,0.824,2.196,clover
100,1.86,1.871,1.265,0.845,1.953,clover
1,17.259,4.811,4.567,0.901,4.932,lentil
2,20.852,5.291,5.018,0.893,5.401,lentil
3,23.032,5.579,5.256,0.91,5.709,lentil
4,14.305,4.341,4.195,0.892,4.56,lentil
5,21.576,5.357,5.128,0.901,5.452,lentil
6,20.694,5.246,5.023,0.914,5.404,lentil
7,17.482,4.804,4.633,0.903,4.962,lentil
8,20.228,5.149,5.002,0.906,5.281,lentil
9,17.324,4.786,4.609,0.917,4.892,lentil
10,21.798,5.44,5.102,0.92,5.571,lentil
11,19.238,4.99,4.909,0.911,5.126,lentil
12,18.801,5.071,4.721,0.908,5.226,lentil
13,16.937,4.892,4.408,0.919,4.932,lentil
14,15.725,4.61,4.343,0.905,4.737,lentil
15,19.396,5.052,4.888,0.91,5.199,lentil
16,19.54,5.044,4.932,0.923,5.174,lentil
17,22.652,5.551,5.196,0.907,5.63,lentil
18,18.493,5.011,4.699,0.893,5.172,lentil
19,14.513,4.637,3.985,0.892,4.677,lentil
20,15.295,4.475,4.352,0.916,4.607,lentil
21,13.975,4.453,3.996,0.886,4.529,lentil
22,21.339,5.235,5.19,0.914,5.362,lentil
23,15.503,4.662,4.234,0.922,4.776,lentil
24,21.375,5.275,5.16,0.912,5.382,lentil
25,17.883,4.872,4.674,0.908,5.013,lentil
26,21.683,5.31,5.2,0.915,5.454,lentil
27,18.256,4.952,4.694,0.909,5.073,lentil
28,16.471,4.625,4.535,0.87,4.749,lentil
29,17.733,4.901,4.607,0.905,5.081,lentil
30,12.979,4.766,3.467,0.811,4.703,lentil
31,17.718,4.778,4.722,0.916,4.938,lentil
32,18.27,4.904,4.744,0.918,5.054,lentil
33,19.561,5.079,4.903,0.896,5.226,lentil
34,15.259,4.638,4.189,0.73,4.827,lentil
35,16.851,4.74,4.527,0.901,4.82,lentil
36,19.002,5.165,4.684,0.889,5.228,lentil
37,17.704,4.874,4.625,0.918,5.015,lentil
38,21.755,5.345,5.183,0.91,5.437,lentil
39,16.399,4.748,4.398,0.891,4.806,lentil
40,21.354,5.26,5.169,0.906,5.394,lentil
41,21.977,5.479,5.108,0.905,5.551,lentil
42,19.812,5.185,4.865,0.913,5.332,lentil
43,14.836,4.458,4.237,0.909,4.627,lentil
44,20.522,5.25,4.977,0.916,5.41,lentil
45,20.292,5.162,5.005,0.914,5.305,lentil
46,20.135,5.161,4.967,0.907,5.264,lentil
47,17.087,4.903,4.437,0.893,5.016,lentil
48,20.113,5.27,4.86,0.901,5.364,lentil
49,19.683,5.046,4.967,0.897,5.144,lentil
50,17.094,4.706,4.625,0.917,4.827,lentil
51,17.016,4.877,4.443,0.909,4.956,lentil
52,19.647,5.142,4.865,0.919,5.223,lentil
53,15.768,4.549,4.413,0.907,4.657,lentil
54,20.128,5.208,4.921,0.912,5.319,lentil
55,20.077,5.147,4.966,0.91,5.267,lentil
56,18.729,4.959,4.809,0.913,5.081,lentil
57,14.391,4.516,4.058,0.915,4.609,lentil
58,21.476,5.236,5.222,0.899,5.41,lentil
59,22.185,5.343,5.287,0.903,5.475,lentil
60,19.475,5.116,4.847,0.905,5.226,lentil
61,17.833,4.875,4.657,0.912,4.982,lentil
62,19.346,5.067,4.861,0.907,5.21,lentil
63,19.195,4.985,4.903,0.906,5.098,lentil
64,21.942,5.376,5.197,0.906,5.504,lentil
65,21.189,5.457,4.944,0.893,5.548,lentil
66,20.335,5.312,4.875,0.911,5.454,lentil
67,21.182,5.37,5.022,0.906,5.535,lentil
68,19.36,5.042,4.889,0.903,5.172,lentil
69,18.285,4.893,4.758,0.913,5.035,lentil
70,17.941,4.822,4.737,0.907,4.956,lentil
71,16.915,4.693,4.589,0.916,4.85,lentil
72,19.862,5.171,4.891,0.913,5.281,lentil
73,17.919,4.84,4.713,0.912,4.985,lentil
74,22.193,5.479,5.157,0.906,5.641,lentil
75,21.332,5.318,5.108,0.908,5.472,lentil
76,22.501,5.506,5.203,0.857,5.615,lentil
77,17.482,4.89,4.552,0.871,5.01,lentil
78,20.192,5.212,4.933,0.912,5.319,lentil
79,15.101,4.571,4.207,0.91,4.65,lentil
80,18.012,5.004,4.583,0.903,5.126,lentil
81,17.89,4.93,4.62,0.684,5.027,lentil
82,20.802,5.202,5.091,0.715,6.165,lentil
83,22.917,5.485,5.319,0.91,5.607,lentil
84,16.198,4.615,4.469,0.914,4.725,lentil
85,17.682,4.83,4.661,0.914,4.981,lentil
86,17.094,4.686,4.645,0.917,4.806,lentil
87,17.417,4.758,4.661,0.902,4.892,lentil
88,18.428,4.95,4.74,0.92,5.099,lentil
89,17.381,4.878,4.537,0.909,5.016,lentil
90,13.61,4.283,4.046,0.893,4.391,lentil
91,17.059,4.73,4.592,0.909,4.817,lentil
92,17.266,4.809,4.571,0.904,4.912,lentil
93,14.671,4.488,4.162,0.918,4.59,lentil
94,18.959,5.026,4.803,0.908,5.172,lentil
95,19.719,5.059,4.963,0.901,5.184,lentil
96,16.076,4.759,4.301,0.902,4.85,lentil
97,17.424,4.869,4.556,0.914,4.991,lentil
98,17.611,4.845,4.628,0.91,5.01,lentil
99,15.639,4.5,4.425,0.921,4.609,lentil
100,17.023,4.713,4.599,0.885,4.876,lentil
1,4.883,2.753,2.258,0.867,3.006,millet
2,4.79,2.741,2.225,0.882,2.996,millet
3,4.402,2.571,2.18,0.902,2.821,millet
4,4.991,2.643,2.404,0.919,2.821,millet
5,4.646,3.023,1.957,0.831,3.297,millet
6,5.106,2.812,2.312,0.892,3.055,millet
7,5.034,2.855,2.245,0.905,3.103,millet
8,4.862,2.699,2.294,0.908,2.828,millet
9,5.379,2.699,2.538,0.885,2.922,millet
10,4.84,2.781,2.216,0.919,2.912,millet
11,4.941,2.625,2.397,0.888,2.849,millet
12,4.919,2.757,2.272,0.882,2.912,millet
13,4.445,2.496,2.268,0.924,2.611,millet
14,5.034,2.802,2.287,0.898,3.009,millet
15,4.933,2.884,2.178,0.868,3.146,millet
16,5.142,2.831,2.312,0.92,3.006,millet
17,5.127,2.868,2.277,0.887,3.116,millet
18,5.055,2.636,2.442,0.921,2.795,millet
19,5.321,2.807,2.414,0.912,2.942,millet
20,4.912,2.742,2.281,0.904,2.965,millet
21,4.33,2.373,2.323,0.912,2.51,millet
22,5.199,2.884,2.295,0.898,3.126,millet
23,4.955,2.805,2.249,0.903,2.98,millet
24,5.336,2.839,2.393,0.898,3.072,millet
25,5.206,2.851,2.325,0.903,3.08,millet
26,4.962,2.677,2.36,0.926,2.817,millet
27,5.084,2.702,2.395,0.89,2.948,millet
28,5.185,2.82,2.341,0.918,2.98,millet
29,5.206,2.675,2.478,0.911,2.859,millet
30,4.969,2.845,2.224,0.891,3.042,millet
31,4.948,2.986,2.11,0.846,3.297,millet
32,4.617,2.471,2.379,0.908,2.611,millet
33,4.704,2.694,2.223,0.87,2.966,millet
34,4.854,2.776,2.226,0.898,3.009,millet
35,5.02,2.729,2.342,0.918,2.942,millet
36,4.969,2.808,2.254,0.908,3.055,millet
37,5.149,2.798,2.343,0.893,3.009,millet
38,5.077,2.751,2.35,0.924,2.899,millet
39,5.364,2.878,2.373,0.886,3.185,millet
40,5.328,2.752,2.465,0.916,2.996,millet
41,4.797,2.905,2.103,0.854,3.149,millet
42,5.106,2.699,2.408,0.913,2.892,millet
43,5.084,2.681,2.415,0.938,2.841,millet
44,4.625,2.541,2.317,0.916,2.693,millet
45,4.718,2.778,2.162,0.896,2.96,millet
46,4.747,2.685,2.251,0.913,2.877,millet
47,4.883,2.763,2.251,0.894,2.948,millet
48,5.292,2.873,2.345,0.887,3.19,millet
49,4.826,2.705,2.272,0.884,2.927,millet
50,5.386,2.95,2.324,0.886,3.135,millet
51,5.012,2.572,2.481,0.898,2.759,millet
52,5.134,2.757,2.371,0.909,2.859,millet
53,5.264,2.883,2.325,0.85,3.153,millet
54,4.962,2.887,2.188,0.877,3.154,millet
55,5.048,2.798,2.297,0.873,3.006,millet
56,5.336,2.869,2.368,0.929,3.042,millet
57,5.127,2.853,2.288,0.893,3.061,millet
58,5.415,2.77,2.489,0.918,3.057,millet
59,5.271,2.799,2.398,0.897,2.976,millet
60,5.034,2.722,2.355,0.892,2.98,millet
61,4.847,2.757,2.239,0.897,3.009,millet
62,4.883,2.698,2.304,0.916,2.817,millet
63,4.531,2.747,2.101,0.887,3.003,millet
64,4.941,2.771,2.27,0.894,2.996,millet
65,4.905,2.758,2.264,0.898,3.006,millet
66,4.998,2.775,2.293,0.888,3.055,millet
67,5.257,2.778,2.41,0.905,2.98,millet
68,5.4,2.85,2.413,0.892,3.108,millet
69,5.005,2.708,2.354,0.87,2.922,millet
70,5.027,2.752,2.326,0.919,3.009,millet
71,5.343,2.992,2.274,0.897,3.244,millet
72,4.811,2.781,2.203,0.88,3.034,millet
73,4.438,2.62,2.157,0.888,2.807,millet
74,4.984,2.606,2.435,0.931,2.787,millet
75,5.285,2.9,2.32,0.895,3.125,millet
76,5.357,2.987,2.284,0.871,3.227,millet
77,5.192,2.728,2.423,0.935,2.896,millet
78,5.336,2.758,2.463,0.902,2.965,millet
79,5.199,2.884,2.295,0.871,3.166,millet
80,4.89,2.889,2.156,0.755,3.191,millet
81,4.51,2.701,2.126,0.887,2.896,millet
82,4.704,2.593,2.309,0.923,2.78,millet
83,5.242,2.828,2.36,0.892,3.055,millet
84,4.991,2.722,2.335,0.902,2.966,millet
85,5.221,2.997,2.218,0.867,3.27,millet
86,5.005,2.733,2.332,0.866,3.006,millet
87,3.634,2.244,2.062,0.949,2.315,millet
88,4.632,2.596,2.271,0.906,2.759,millet
89,4.783,2.663,2.286,0.92,2.859,millet
90,4.725,2.853,2.109,0.86,3.111,millet
91,5.163,2.917,2.253,0.889,3.145,millet
92,5.156,2.684,2.446,0.878,2.795,millet
93,5.192,2.797,2.364,0.894,3.028,millet
94,4.933,2.666,2.356,0.899,2.842,millet
95,5.077,2.626,2.461,0.924,2.798,millet
96,4.962,2.782,2.271,0.898,3.032,millet
97,4.826,2.653,2.316,0.91,2.817,millet
98,4.969,2.688,2.354,0.899,2.882,millet
99,4.926,2.749,2.282,0.902,2.828,millet
100,5.106,2.829,2.298,0.901,3.137,millet
1,19.834,5.803,4.352,0.849,5.764,mung
2,17.418,5.42,4.092,0.877,5.341,mung
3,19.82,5.574,4.528,0.863,5.598,mung
4,20.581,5.838,4.489,0.881,5.845,mung
5,19.165,5.775,4.225,0.87,5.801,mung
6,17.876,5.459,4.169,0.872,5.496,mung
7,16.721,5.013,4.247,0.898,5.149,mung
8,20.081,5.88,4.348,0.871,5.815,mung
9,22.595,5.758,4.997,0.896,5.942,mung
10,19.778,5.873,4.288,0.886,5.866,mung
11,17.08,5.366,4.053,0.852,5.362,mung
12,22.736,6.116,4.734,0.871,6.078,mung
13,18.679,5.462,4.354,0.865,5.506,mung
14,18.355,5.347,4.371,0.886,5.411,mung
15,21.532,6.018,4.555,0.886,6.059,mung
16,19.482,5.722,4.335,0.874,5.668,mung
17,14.918,4.837,3.927,0.889,4.842,mung
18,21.348,6.451,4.213,0.854,6.327,mung
19,20.588,5.914,4.433,0.883,5.961,mung
20,20.658,6.156,4.273,0.834,6.09,mung
21,17.453,5.352,4.152,0.872,5.322,mung
22,20.482,5.864,4.448,0.883,5.923,mung
23,21.954,6.258,4.467,0.854,6.229,mung
24,20.13,5.567,4.604,0.871,5.675,mung
25,20.341,5.644,4.589,0.851,5.752,mung
26,21.053,5.952,4.503,0.801,5.904,mung
27,20.398,5.81,4.47,0.86,5.757,mung
28,18.883,5.348,4.496,0.912,5.369,mung
29,15.009,4.932,3.875,0.891,4.926,mung
30,20.954,5.812,4.59,0.87,5.821,mung
31,18.13,5.328,4.332,0.884,5.33,mung
32,21.215,6.001,4.501,0.872,6.072,mung
33,21.961,5.864,4.769,0.807,5.94,mung
34,20.707,5.808,4.539,0.893,5.866,mung
35,14.643,4.802,3.883,0.856,5.054,mung
36,19.334,5.56,4.427,0.885,5.563,mung
37,19.447,5.779,4.284,0.801,5.907,mung
38,22.532,6.025,4.762,0.889,6.19,mung
39,18.397,5.478,4.276,0.882,5.542,mung
40,20.56,5.952,4.398,0.814,6.12,mung
41,16.834,5.268,4.069,0.892,5.268,mung
42,20.031,5.695,4.478,0.886,5.747,mung
43,18.094,5.479,4.205,0.865,5.476,mung
44,23.553,6.815,4.401,0.839,6.777,mung
45,22.081,6.258,4.492,0.855,6.19,mung
46,17.7,5.537,4.07,0.856,5.522,mung
47,17.503,5.507,4.047,0.865,5.48,mung
48,21.475,5.72,4.781,0.867,5.786,mung
49,19.172,5.598,4.361,0.882,5.685,mung
50,18.524,5.824,4.05,0.829,5.72,mung
51,16.693,4.688,4.533,0.895,4.969,mung
52,14.136,4.721,3.813,0.866,4.753,mung
53,17.841,5.553,4.09,0.832,5.471,mung
54,18.827,5.429,4.415,0.863,5.416,mung
55,20.045,5.902,4.324,0.87,5.899,mung
56,20.158,5.871,4.372,0.862,5.953,mung
57,19.721,5.898,4.257,0.842,5.936,mung
58,20.067,6.16,4.148,0.821,6.172,mung
59,16.665,5.162,4.111,0.891,5.24,mung
60,21.891,6.158,4.526,0.887,6.231,mung
61,17.538,5.343,4.179,0.876,5.367,mung
62,17.637,5.556,4.042,0.858,5.58,mung
63,18.432,5.602,4.19,0.877,5.64,mung
64,20.095,5.859,4.367,0.871,5.815,mung
65,19.609,5.588,4.468,0.874,5.614,mung
66,21.088,5.942,4.519,0.897,5.96,mung
67,19.2,5.762,4.243,0.829,5.757,mung
68,19.869,5.761,4.392,0.884,5.875,mung
69,16.052,5.119,3.993,0.873,5.144,mung
70,20.503,6.027,4.331,0.869,5.985,mung
71,19.031,5.687,4.261,0.866,5.781,mung
72,16.876,5.508,3.901,0.86,5.436,mung
73,20.067,5.813,4.395,0.885,5.786,mung
74,18.087,5.649,4.077,0.85,5.642,mung
75,17.052,5.31,4.089,0.851,5.416,mung
76,22.327,6.091,4.667,0.876,6.09,mung
77,19.221,5.556,4.405,0.844,5.603,mung
78,15.333,4.921,3.967,0.885,4.959,mung
79,21.229,6.068,4.455,0.87,6.09,mung
80,20.757,5.759,4.589,0.866,5.845,mung
81,21.905,6.485,4.301,0.839,6.429,mung
82,19.313,5.546,4.434,0.88,5.519,mung
83,17.728,5.201,4.34,0.86,5.298,mung
84,16.904,5.116,4.207,0.854,5.196,mung
85,18.869,5.556,4.324,0.856,5.488,mung
86,21.623,6.218,4.427,0.866,6.147,mung
87,19.905,5.735,4.419,0.887,5.825,mung
88,20.32,5.656,4.574,0.838,5.909,mung
89,15.819,5.159,3.904,0.872,5.128,mung
90,18.144,5.569,4.148,0.862,5.61,mung
91,17.749,5.328,4.242,0.888,5.293,mung
92,19.172,5.669,4.306,0.855,5.845,mung
93,16.186,5.22,3.948,0.805,5.271,mung
94,17.7,5.572,4.045,0.879,5.522,mung
95,11.685,3.972,3.746,0.919,4.087,mung
96,19.186,6.015,4.061,0.817,5.988,mung
97,18.651,5.776,4.111,0.86,5.808,mung
98,18.256,5.545,4.192,0.836,5.598,mung
99,20.221,6.061,4.248,0.701,6.833,mung
1,4.464,2.479,2.293,0.898,2.693,onion
2,4.992,2.983,2.131,0.861,3.045,onion
3,4.935,2.703,2.324,0.86,2.912,onion
4,4.336,2.57,2.148,0.838,2.766,onion
5,5.22,2.923,2.274,0.874,3.138,onion
6,5.006,2.64,2.415,0.889,2.832,onion
7,5.399,3.099,2.218,0.832,3.298,onion
8,4.236,2.771,1.946,0.785,2.912,onion
9,5.777,3.1,2.373,0.869,3.143,onion
10,3.673,2.735,1.71,0.802,2.872,onion
11,5.641,2.893,2.483,0.849,3.105,onion
12,4.671,2.98,1.996,0.72,3.052,onion
13,4.764,2.74,2.213,0.9,2.849,onion
14,5.063,2.687,2.399,0.872,2.872,onion
15,5.47,3.013,2.312,0.813,3.289,onion
16,4.493,2.893,1.977,0.813,3.021,onion
17,5.498,3.172,2.207,0.872,3.244,onion
18,5.391,3.054,2.248,0.842,3.183,onion
19,4.714,2.79,2.151,0.876,2.97,onion
20,4.964,2.967,2.13,0.855,3.098,onion
21,5.12,2.703,2.412,0.868,2.985,onion
22,4.914,2.732,2.29,0.862,2.995,onion
23,6.083,3.087,2.509,0.85,3.21,onion
24,4.985,2.872,2.21,0.866,3.098,onion
25,5.113,2.857,2.279,0.856,3.045,onion
26,5.527,2.953,2.383,0.81,3.153,onion
27,5.12,2.88,2.263,0.872,3.027,onion
28,4.507,2.714,2.114,0.862,2.872,onion
29,5.712,2.859,2.544,0.882,3.052,onion
30,5.185,3.042,2.17,0.843,3.233,onion
31,4.992,2.576,2.467,0.899,2.74,onion
32,5.37,2.636,2.594,0.854,3.024,onion
33,4.821,2.91,2.109,0.825,3.032,onion
34,5.641,2.792,2.573,0.862,2.916,onion
35,5.399,2.962,2.321,0.798,3.097,onion
36,6.204,3.304,2.391,0.797,3.52,onion
37,7.674,3.191,3.062,0.893,3.311,onion
38,5.67,3.085,2.34,0.851,3.25,onion
39,4.914,3.015,2.075,0.836,3.092,onion
40,6.019,3.213,2.385,0.805,3.429,onion
41,5.277,2.997,2.242,0.87,3.125,onion
42,4.493,2.528,2.263,0.906,2.694,onion
43,5.819,3.313,2.237,0.835,3.417,onion
44,4.885,2.861,2.174,0.824,3.18,onion
45,4.728,2.883,2.088,0.87,3.024,onion
46,4.721,3.111,1.932,0.741,3.143,onion
47,4.899,2.867,2.176,0.84,3.007,onion
48,4.557,2.742,2.116,0.87,2.931,onion
49,4.978,2.854,2.221,0.916,2.956,onion
50,5.021,2.598,2.461,0.831,2.985,onion
51,4.849,3.041,2.031,0.764,3.363,onion
52,5.349,3.001,2.269,0.852,3.143,onion
53,4.842,2.98,2.069,0.868,3.098,onion
54,4.842,2.89,2.134,0.872,3.007,onion
55,4.293,2.999,1.823,0.817,3.024,onion
56,4.643,3.049,1.939,0.774,3.289,onion
57,6.14,3.076,2.542,0.852,3.362,onion
58,4.514,2.935,1.959,0.813,3.032,onion
59,5.256,2.692,2.486,0.905,2.858,onion
60,5.798,3.242,2.277,0.852,3.397,onion
61,5.306,2.786,2.425,0.901,3.007,onion
62,5.284,3.037,2.216,0.861,3.143,onion
63,5.769,3.031,2.424,0.887,3.155,onion
64,4.564,2.866,2.028,0.846,3.014,onion
65,5.634,3.109,2.307,0.857,3.279,onion
66,5.769,3.041,2.415,0.832,3.134,onion
67,6.975,3.193,2.781,0.888,3.349,onion
68,4.75,2.997,2.018,0.809,3.165,onion
69,5.27,2.935,2.286,0.861,2.975,onion
70,5.534,2.986,2.36,0.884,3.153,onion
71,4.422,2.785,2.022,0.778,2.807,onion
72,4.307,2.569,2.135,0.862,2.788,onion
73,4.614,2.621,2.242,0.866,2.788,onion
74,4.942,2.795,2.252,0.896,2.912,onion
75,5.72,3.411,2.135,0.83,3.488,onion
76,4.343,2.651,2.086,0.896,2.74,onion
77,4.443,3.096,1.827,0.765,3.134,onion
78,5.898,3.158,2.378,0.857,3.216,onion
79,5.677,3.033,2.383,0.866,3.227,onion
80,5.484,3.158,2.211,0.816,3.363,onion
81,5.342,3.066,2.218,0.869,3.134,onion
82,5.078,2.732,2.367,0.873,2.941,onion
83,4.75,2.958,2.044,0.818,3.051,onion
84,4.8,2.734,2.235,0.885,2.858,onion
85,5.006,2.85,2.237,0.897,2.95,onion
86,5.734,2.926,2.495,0.899,3.07,onion
87,5.163,2.992,2.197,0.855,3.074,onion
88,4.871,2.598,2.387,0.905,2.684,onion
89,5.698,2.896,2.505,0.908,3.097,onion
90,5.748,2.797,2.617,0.85,3.045,onion
91,4.757,2.905,2.085,0.853,3.045,onion
92,4.479,2.707,2.106,0.881,2.876,onion
93,4.614,2.929,2.005,0.843,3.027,onion
94,5.299,2.951,2.287,0.877,3.074,onion
95,5.677,3.014,2.398,0.859,3.162,onion
96,5.748,2.918,2.508,0.854,3.114,onion
97,4.964,2.809,2.249,0.822,3.074,onion
98,5.534,2.949,2.39,0.898,3.069,onion
99,4.685,2.754,2.166,0.84,2.975,onion
100,5.919,3.09,2.439,0.896,3.216,onion
1,39.591,7.173,7.027,0.895,7.346,peas
2,26.731,5.979,5.692,0.904,6.102,peas
3,33.208,6.676,6.333,0.87,6.854,peas
4,22.319,5.698,4.987,0.848,5.893,peas
5,31.056,6.589,6.002,0.884,6.663,peas
6,32.045,6.638,6.146,0.802,6.925,peas
7,37.295,7.618,6.234,0.848,7.727,peas
8,27.857,6.156,5.761,0.902,6.238,peas
9,31.244,7.288,5.458,0.78,7.332,peas
10,30.536,6.693,5.809,0.867,6.803,peas
11,31.489,6.573,6.1,0.896,6.694,peas
12,29.172,6.323,5.874,0.882,6.583,peas
13,20.94,5.447,4.895,0.9,5.602,peas
14,31.186,6.563,6.05,0.9,6.756,peas
15,31.323,6.621,6.023,0.912,6.723,peas
16,28.298,6.301,5.718,0.891,6.463,peas
17,31.323,6.765,5.895,0.899,6.925,peas
18,32.211,6.99,5.867,0.885,7.05,peas
19,32.161,6.6,6.204,0.902,6.7,peas
20,34.472,7.151,6.137,0.881,7.306,peas
21,26.883,6.165,5.552,0.907,6.305,peas
22,27.431,6.155,5.675,0.898,6.189,peas
23,32.19,6.937,5.908,0.895,6.95,peas
24,33.692,6.71,6.393,0.897,7.004,peas
25,34.739,6.813,6.492,0.891,7.03,peas
26,31.107,6.713,5.9,0.875,6.803,peas
27,31.006,6.422,6.147,0.892,6.602,peas
28,28.493,6.334,5.727,0.889,6.387,peas
29,35.273,6.992,6.423,0.87,7.14,peas
30,33.1,7.073,5.958,0.88,7.167,peas
31,31.229,6.453,6.162,0.886,6.691,peas
32,25.734,6.191,5.292,0.901,6.292,peas
33,30.074,6.598,5.804,0.89,6.629,peas
34,30.067,6.732,5.687,0.765,6.851,peas
35,37.136,7.379,6.407,0.888,7.521,peas
36,32.32,6.896,5.967,0.883,7.097,peas
37,29.345,6.615,5.648,0.879,6.7,peas
38,28.052,6.397,5.583,0.826,6.411,peas
39,28.76,6.666,5.493,0.888,6.749,peas
40,28.153,6.291,5.698,0.885,6.424,peas
41,29.605,6.823,5.524,0.72,6.882,peas
42,35.908,7.092,6.447,0.875,7.116,peas
43,35.858,6.789,6.725,0.886,7.132,peas
44,28.153,6.353,5.643,0.895,6.517,peas
45,24.24,5.918,5.215,0.898,6.149,peas
46,28.955,6.615,5.573,0.878,6.7,peas
47,26.327,6.22,5.389,0.873,6.316,peas
48,31.764,6.903,5.859,0.881,6.943,peas
49,27.2,6.056,5.719,0.826,6.441,peas
50,34.248,6.895,6.325,0.906,7.088,peas
51,23.041,5.734,5.116,0.9,5.786,peas
52,26.471,6.118,5.509,0.885,6.282,peas
53,29.215,6.26,5.942,0.909,6.432,peas
54,26.002,6.018,5.501,0.899,6.268,peas
55,31.381,6.853,5.83,0.878,6.885,peas
56,35.742,7.109,6.402,0.896,7.17,peas
57,31.858,7.349,5.52,0.844,7.684,peas
58,30.276,6.508,5.924,0.868,6.792,peas
59,26.998,6.26,5.491,0.902,6.485,peas
60,35.706,7.528,6.039,0.856,7.647,peas
61,30.356,6.532,5.917,0.858,6.588,peas
62,28.276,6.399,5.626,0.885,6.441,peas
63,18.081,5.052,4.557,0.884,5.183,peas
64,29.807,6.532,5.81,0.889,6.611,peas
65,27.171,6.362,5.438,0.864,6.715,peas
66,24.052,5.909,5.182,0.896,6.133,peas
67,27.937,6.13,5.802,0.891,6.398,peas
68,31.677,6.699,6.02,0.881,6.882,peas
69,29.951,6.459,5.904,0.903,6.747,peas
70,28.5,6.32,5.742,0.86,6.41,peas
71,28.616,6.428,5.668,0.903,6.596,peas
72,22.131,5.698,4.946,0.894,5.746,peas
73,34.363,6.791,6.443,0.836,7.022,peas
74,26.399,5.946,5.653,0.906,6.154,peas
75,28.709,6.394,5.717,0.902,6.483,peas
76,37.901,6.985,6.909,0.897,7.23,peas
77,28.103,6.164,5.805,0.893,6.344,peas
78,24.558,5.912,5.289,0.913,6,peas
79,27.763,6.351,5.566,0.902,6.432,peas
80,31.006,7.145,5.525,0.81,7.153,peas
81,26.478,6.221,5.419,0.892,6.316,peas
82,30.724,6.521,5.999,0.905,6.73,peas
83,32.825,7.04,5.937,0.888,7.066,peas
84,23.027,5.712,5.133,0.887,5.775,peas
85,26.5,6.159,5.479,0.905,6.296,peas
86,34.746,6.94,6.375,0.875,7.088,peas
87,28.76,6.092,6.011,0.914,6.369,peas
88,30.666,6.469,6.036,0.891,6.623,peas
89,34.435,6.713,6.531,0.898,6.885,peas
90,29.237,6.431,5.788,0.899,6.503,peas
91,27.402,6.072,5.746,0.91,6.171,peas
92,25.475,5.949,5.452,0.909,6.126,peas
93,27.489,6.509,5.377,0.895,6.552,peas
94,29.511,6.626,5.671,0.513,6.629,peas
95,30.37,6.286,6.151,0.889,6.434,peas
96,32.045,7.189,5.675,0.875,7.26,peas
97,32.962,6.656,6.305,0.907,6.808,peas
98,34.096,6.63,6.547,0.886,6.974,peas
99,31.627,6.469,6.224,0.91,6.694,peas
1,5.607,3.113,2.293,0.897,3.184,radish
2,7.354,3.492,2.681,0.884,3.545,radish
3,8.574,3.813,2.863,0.887,3.933,radish
4,9.544,3.713,3.273,0.88,3.949,radish
5,9.266,3.825,3.085,0.86,3.958,radish
6,5.607,3.193,2.235,0.851,3.319,radish
7,6.826,3.464,2.509,0.869,3.636,radish
8,8.053,3.528,2.907,0.892,3.667,radish
9,8.852,3.622,3.112,0.885,3.71,radish
10,6.02,3.047,2.515,0.904,3.179,radish
11,7.818,3.596,2.768,0.722,3.72,radish
12,7.226,4.049,2.272,0.783,4.118,radish
13,8.125,3.686,2.807,0.869,3.793,radish
14,8.702,3.494,3.171,0.878,3.689,radish
15,8.003,3.629,2.808,0.835,3.682,radish
16,8.952,4.023,2.833,0.851,4.196,radish
17,8.36,3.895,2.733,0.863,4.097,radish
18,7.64,3.481,2.794,0.835,3.633,radish
19,9.551,4.143,2.935,0.863,4.141,radish
20,7.49,3.379,2.823,0.845,3.524,radish
21,5.92,3.169,2.378,0.893,3.25,radish
22,8.488,3.675,2.941,0.895,3.767,radish
23,8.003,3.884,2.624,0.84,3.937,radish
24,8.381,3.873,2.755,0.841,4.077,radish
25,6.826,3.509,2.477,0.869,3.52,radish
26,6.299,3.17,2.53,0.908,3.35,radish
27,9.209,4.015,2.92,0.829,4.004,radish
28,8.317,3.524,3.005,0.88,3.633,radish
29,6.491,3.289,2.512,0.879,3.515,radish
30,8.374,3.612,2.952,0.891,3.725,radish
31,7.226,3.353,2.744,0.704,3.633,radish
32,9.159,3.876,3.009,0.825,4.012,radish
33,7.575,3.52,2.74,0.865,3.646,radish
34,8.253,3.44,3.055,0.892,3.536,radish
35,6.762,3.134,2.747,0.844,3.304,radish
36,7.689,3.535,2.77,0.888,3.708,radish
37,8.731,3.577,3.108,0.884,3.702,radish
38,10.443,4.224,3.147,0.863,4.337,radish
39,9.202,3.787,3.094,0.886,3.943,radish
40,9.08,3.721,3.107,0.868,3.846,radish
41,4.537,2.888,2,0.87,3.074,radish
42,7.34,3.442,2.715,0.89,3.584,radish
43,5.792,3.063,2.408,0.894,3.115,radish
44,7.347,3.676,2.545,0.835,3.817,radish
45,6.998,3.144,2.834,0.914,3.28,radish
46,6.199,3.056,2.583,0.892,3.245,radish
47,6.377,3.434,2.364,0.828,3.524,radish
48,8.239,3.579,2.931,0.892,3.682,radish
49,8.895,3.582,3.161,0.896,3.786,radish
50,7.903,3.948,2.549,0.825,4.015,radish
51,7.147,3.153,2.886,0.887,3.375,radish
52,7.219,3.416,2.691,0.89,3.545,radish
53,7.854,3.596,2.781,0.848,3.897,radish
54,8.981,3.89,2.94,0.872,3.995,radish
55,8.317,3.698,2.864,0.899,3.77,radish
56,8.01,3.511,2.905,0.879,3.633,radish
57,6.919,3.364,2.619,0.723,3.43,radish
58,6.377,3.283,2.473,0.883,3.4,radish
59,5.92,3.112,2.422,0.894,3.294,radish
60,6.719,3.609,2.37,0.845,3.636,radish
61,9.466,3.719,3.24,0.839,3.933,radish
62,7.697,3.73,2.627,0.864,3.801,radish
63,8.246,3.625,2.896,0.88,3.801,radish
64,7.254,3.529,2.617,0.852,3.601,radish
65,7.518,3.146,3.042,0.836,3.4,radish
66,8.224,3.597,2.911,0.73,3.846,radish
67,6.634,3.223,2.62,0.909,3.397,radish
68,6.127,3.077,2.535,0.888,3.143,radish
69,9.287,3.845,3.076,0.891,3.958,radish
70,6.577,3.362,2.49,0.888,3.5,radish
71,7.304,3.502,2.656,0.855,3.585,radish
72,9.159,3.733,3.124,0.885,3.852,radish
73,8.781,3.756,2.977,0.882,3.846,radish
74,8.324,3.655,2.9,0.869,3.793,radish
75,7.354,3.385,2.766,0.91,3.5,radish
76,8.831,3.846,2.924,0.871,4.012,radish
77,8.346,3.518,3.02,0.84,3.71,radish
78,7.19,3.577,2.56,0.878,3.654,radish
79,5.842,3.157,2.356,0.896,3.311,radish
80,6.113,3.179,2.449,0.889,3.363,radish
81,7.411,3.433,2.749,0.903,3.564,radish
82,7.747,3.27,3.016,0.906,3.366,radish
83,7.604,3.483,2.78,0.871,3.682,radish
84,7.44,3.381,2.802,0.882,3.472,radish
85,8.167,3.523,2.952,0.893,3.667,radish
86,6.398,3.444,2.365,0.86,3.572,radish
87,8.082,3.695,2.785,0.855,3.839,radish
88,7.29,3.536,2.625,0.871,3.725,radish
89,7.162,3.709,2.458,0.856,3.713,radish
90,9.023,3.685,3.118,0.888,3.771,radish
91,8.16,3.385,3.07,0.872,3.529,radish
92,7.497,3.66,2.608,0.876,3.694,radish
93,6.092,3.105,2.498,0.843,3.378,radish
94,7.005,3.573,2.496,0.866,3.579,radish
95,8.467,3.519,3.063,0.9,3.679,radish
96,7.711,3.434,2.859,0.913,3.564,radish
97,8.388,3.771,2.832,0.879,3.949,radish
98,10.407,3.997,3.315,0.899,4.172,radish
99,5.685,3.199,2.263,0.799,3.341,radish
100,7.868,3.495,2.866,0.912,3.608,radish
101,7.397,3.525,2.672,0.872,3.601,radish
1,16.012,5.975,3.412,0.74,6.143,wheat_red
2,17.11,6.985,3.119,0.714,7.108,wheat_red
3,18.975,6.718,3.596,0.786,6.661,wheat_red
4,17.146,6.71,3.253,0.722,6.914,wheat_red
5,17.016,6.882,3.148,0.708,7.004,wheat_red
6,17.313,6.435,3.425,0.764,6.458,wheat_red
7,18.13,6.165,3.744,0.774,6.317,wheat_red
8,20.37,7.138,3.634,0.695,7.555,wheat_red
9,16.474,6.244,3.359,0.791,6.428,wheat_red
10,16.098,6.141,3.338,0.778,6.085,wheat_red
11,14.183,5.779,3.125,0.751,5.979,wheat_red
12,12.115,5.944,2.595,0.699,5.979,wheat_red
13,13.482,6.279,2.734,0.691,6.331,wheat_red
14,14.544,5.964,3.105,0.766,6.11,wheat_red
15,15.816,6.468,3.113,0.738,6.665,wheat_red
16,14.371,5.977,3.061,0.744,6.157,wheat_red
17,17.811,6.784,3.343,0.761,6.71,wheat_red
18,14.71,6.261,2.992,0.728,6.397,wheat_red
19,19.648,7.074,3.537,0.732,7.316,wheat_red
20,10.265,5.254,2.488,0.737,5.367,wheat_red
21,12.282,5.828,2.683,0.691,5.967,wheat_red
22,19.684,7.501,3.341,0.701,7.614,wheat_red
23,19.467,6.885,3.6,0.729,7.077,wheat_red
24,17.168,6.339,3.448,0.79,6.56,wheat_red
25,15.498,7.461,2.645,0.581,7.816,wheat_red
26,13.575,5.987,2.887,0.7,6.319,wheat_red
27,15.072,6.431,2.984,0.728,6.413,wheat_red
28,16.257,6.297,3.287,0.751,6.437,wheat_red
29,13.142,6.008,2.785,0.732,6.129,wheat_red
30,18.708,6.576,3.622,0.762,6.777,wheat_red
31,17.443,6.349,3.498,0.801,6.494,wheat_red
32,13.192,5.875,2.859,0.767,5.903,wheat_red
33,11.233,5.346,2.675,0.741,5.444,wheat_red
34,15.195,6.158,3.142,0.746,6.277,wheat_red
35,15.708,6.59,3.035,0.7,6.704,wheat_red
36,16.236,6.733,3.07,0.726,6.708,wheat_red
37,18.166,6.743,3.43,0.748,6.813,wheat_red
38,13.359,5.832,2.917,0.765,5.811,wheat_red
39,9.737,5.109,2.427,0.71,5.158,wheat_red
40,16.922,6.575,3.277,0.737,6.661,wheat_red
41,12.13,5.357,2.883,0.777,5.513,wheat_red
42,17.327,5.728,3.851,0.849,5.802,wheat_red
43,10.923,5.324,2.612,0.746,5.471,wheat_red
44,14.486,6.121,3.013,0.755,6.377,wheat_red
45,16.221,6.483,3.186,0.72,6.582,wheat_red
46,12.282,5.793,2.699,0.716,5.863,wheat_red
47,10.048,5.347,2.393,0.722,5.416,wheat_red
48,18.31,7.459,3.125,0.662,7.656,wheat_red
49,18.939,6.99,3.45,0.749,7.185,wheat_red
50,15.78,6.59,3.049,0.723,6.695,wheat_red
51,16.778,6.273,3.405,0.785,6.349,wheat_red
52,15.274,6.195,3.139,0.763,6.32,wheat_red
53,15.968,6.61,3.076,0.734,6.54,wheat_red
54,12.831,5.856,2.79,0.734,5.922,wheat_red
55,12.708,5.897,2.744,0.714,6.077,wheat_red
56,12.722,5.973,2.712,0.751,5.821,wheat_red
57,14.255,5.692,3.189,0.807,5.727,wheat_red
58,12.853,5.947,2.752,0.721,6.075,wheat_red
59,14.284,6.558,2.773,0.717,6.482,wheat_red
60,12.412,5.804,2.723,0.738,5.863,wheat_red
61,14.139,7.2,2.5,0.615,7.126,wheat_red
62,16.973,6.684,3.233,0.743,6.743,wheat_red
63,15.686,6.478,3.083,0.746,6.623,wheat_red
64,16.973,6.408,3.373,0.732,6.64,wheat_red
65,13.792,6.114,2.872,0.73,6.131,wheat_red
66,18.361,7.278,3.212,0.702,7.336,wheat_red
67,13.207,5.879,2.86,0.71,6.137,wheat_red
68,15.166,6.148,3.141,0.755,6.352,wheat_red
69,14.002,6.058,2.943,0.742,6.236,wheat_red
70,12.809,5.971,2.731,0.736,5.99,wheat_red
71,12.13,5.745,2.688,0.731,5.778,wheat_red
72,14.486,6.068,3.039,0.749,6.17,wheat_red
73,14.913,6.384,2.974,0.736,6.44,wheat_red
74,13.85,5.959,2.959,0.775,5.976,wheat_red
75,14.038,5.833,3.064,0.758,5.972,wheat_red
76,13.879,6.153,2.872,0.736,6.184,wheat_red
77,18.05,7.136,3.221,0.71,7.105,wheat_red
78,19.149,7.046,3.46,0.747,7.046,wheat_red
79,15.043,6.865,2.79,0.666,7.057,wheat_red
80,19.597,7.406,3.369,0.693,7.555,wheat_red
81,16.655,6.177,3.433,0.807,6.109,wheat_red
82,15.816,6.026,3.342,0.749,6.331,wheat_red
83,13.229,5.562,3.028,0.755,5.857,wheat_red
84,16.091,6.972,2.939,0.666,7.108,wheat_red
85,15.563,6.604,3.001,0.734,6.632,wheat_red
86,12.036,5.963,2.57,0.676,6.243,wheat_red
87,18.043,6.603,3.479,0.784,6.786,wheat_red
88,16.033,5.962,3.424,0.801,6.039,wheat_red
89,20.349,6.915,3.747,0.764,7.143,wheat_red
90,17.305,6.264,3.518,0.737,6.661,wheat_red
91,12.722,6.223,2.603,0.689,6.188,wheat_red
92,13.706,6.069,2.875,0.725,6.249,wheat_red
93,15.628,6.528,3.048,0.745,6.445,wheat_red
94,15.686,6.342,3.149,0.736,6.534,wheat_red
95,17.052,6.616,3.282,0.755,6.738,wheat_red
96,9.072,4.695,2.46,0.768,4.869,wheat_red
97,20.71,6.441,4.094,0.815,6.586,wheat_red
98,18.578,6.076,3.893,0.818,6.207,wheat_red
99,12.195,5.884,2.639,0.709,5.939,wheat_red
100,18.809,6.617,3.619,0.774,6.81,wheat_red
1,17.961,6.708,3.409,0.745,6.97,wheat_white
2,15.999,6.21,3.28,0.732,6.327,wheat_white
3,19.258,7.087,3.46,0.73,7.242,wheat_white
4,18.606,6.884,3.441,0.726,7.002,wheat_white
5,19.626,6.744,3.706,0.774,6.905,wheat_white
6,17.763,6.334,3.571,0.773,6.508,wheat_white
7,17.65,6.893,3.26,0.742,7.073,wheat_white
8,21.901,7.288,3.826,0.759,7.507,wheat_white
9,16.615,6.352,3.33,0.758,6.516,wheat_white
10,16.537,6.523,3.228,0.734,6.745,wheat_white
11,16.126,6.25,3.285,0.761,6.438,wheat_white
12,19.428,6.845,3.614,0.761,7.084,wheat_white
13,13.994,5.8,3.072,0.752,5.917,wheat_white
14,18.755,6.296,3.793,0.801,6.393,wheat_white
15,18.231,6.335,3.664,0.788,6.6,wheat_white
16,17.338,6.186,3.569,0.802,6.358,wheat_white
17,17.657,6.688,3.361,0.702,6.905,wheat_white
18,18.337,6.798,3.434,0.746,6.987,wheat_white
19,19.18,6.985,3.496,0.755,7.059,wheat_white
20,21.206,7.11,3.797,0.779,7.288,wheat_white
21,19.492,6.646,3.734,0.744,6.891,wheat_white
22,18.358,6.366,3.671,0.774,6.557,wheat_white
23,16.466,5.919,3.542,0.831,6.024,wheat_white
24,16.268,6.713,3.086,0.715,6.799,wheat_white
25,13.894,5.175,3.419,0.838,5.217,wheat_white
26,19.024,6.842,3.54,0.766,6.966,wheat_white
27,21.107,7.219,3.723,0.757,7.358,wheat_white
28,21.15,7.239,3.72,0.751,7.416,wheat_white
29,17.416,6.399,3.465,0.789,6.598,wheat_white
30,16.849,6.306,3.402,0.786,6.521,wheat_white
31,19.031,6.677,3.629,0.798,6.876,wheat_white
32,18.209,6.602,3.512,0.745,6.876,wheat_white
33,15.311,6.332,3.079,0.715,6.54,wheat_white
34,19.867,7.112,3.557,0.764,7.206,wheat_white
35,19.173,7.103,3.437,0.712,7.228,wheat_white
36,18.698,6.536,3.642,0.807,6.592,wheat_white
37,21.469,7.192,3.8,0.772,7.396,wheat_white
38,19.556,6.758,3.684,0.745,6.974,wheat_white
39,20.576,6.552,3.999,0.82,6.663,wheat_white
40,19.598,6.499,3.84,0.799,6.728,wheat_white
41,19.563,6.989,3.564,0.747,7.088,wheat_white
42,16.311,6.578,3.157,0.714,6.721,wheat_white
43,19.414,6.453,3.831,0.802,6.592,wheat_white
44,12.803,6.283,2.594,0.665,6.442,wheat_white
45,22.014,7.255,3.863,0.778,7.331,wheat_white
46,16.622,5.832,3.629,0.788,6.002,wheat_white
47,15.17,6.057,3.189,0.772,6.108,wheat_white
48,18.776,6.714,3.561,0.724,6.995,wheat_white
49,16.998,5.835,3.709,0.836,5.931,wheat_white
50,16.778,6.521,3.276,0.739,6.789,wheat_white
51,17.409,6.462,3.43,0.769,6.603,wheat_white
52,18.358,7,3.339,0.738,7.055,wheat_white
53,20.64,7.012,3.748,0.712,7.136,wheat_white
54,21.348,7.267,3.74,0.711,7.452,wheat_white
55,15.857,6.473,3.119,0.717,6.704,wheat_white
56,14.568,5.982,3.101,0.764,6.257,wheat_white
57,19.01,6.045,4.004,0.84,6.195,wheat_white
58,21.051,7.055,3.799,0.777,7.187,wheat_white
59,18.783,6.625,3.61,0.799,6.728,wheat_white
60,15.623,6.259,3.178,0.755,6.371,wheat_white
61,21.32,6.78,4.004,0.803,6.866,wheat_white
62,17.097,6.431,3.385,0.769,6.54,wheat_white
63,21.334,7.067,3.844,0.778,7.155,wheat_white
64,21.745,7.121,3.888,0.778,7.263,wheat_white
65,19.563,6.561,3.796,0.805,6.671,wheat_white
66,15.184,5.33,3.627,0.822,5.576,wheat_white
67,18.252,6.771,3.432,0.758,6.852,wheat_white
68,16.877,6.638,3.237,0.751,6.77,wheat_white
69,16.027,6.285,3.247,0.749,6.505,wheat_white
70,18.195,6.57,3.526,0.774,6.776,wheat_white
71,18.011,6.676,3.435,0.758,6.86,wheat_white
72,16.325,6.346,3.275,0.685,6.574,wheat_white
73,19.733,6.22,4.039,0.763,6.438,wheat_white
74,18.521,6.452,3.655,0.803,6.538,wheat_white
75,19.336,6.299,3.909,0.808,6.297,wheat_white
76,20.016,7.03,3.625,0.734,7.257,wheat_white
77,20.165,7.363,3.487,0.723,7.394,wheat_white
78,18.103,6.416,3.593,0.763,6.538,wheat_white
79,20.427,6.485,4.01,0.806,6.656,wheat_white
81,16.077,6.339,3.229,0.731,6.514,wheat_white
82,16.778,6.352,3.363,0.762,6.574,wheat_white
83,17.579,7.01,3.193,0.68,7.072,wheat_white
84,19.116,6.393,3.807,0.798,6.615,wheat_white
85,19.86,6.549,3.861,0.819,6.671,wheat_white
86,16.332,6.364,3.268,0.769,6.574,wheat_white
87,19.386,7,3.526,0.762,7.105,wheat_white
88,16.743,5.875,3.629,0.818,5.911,wheat_white
89,18.259,6.743,3.448,0.752,6.82,wheat_white
90,17.607,6.691,3.35,0.747,7.003,wheat_white
91,16.424,6.234,3.355,0.751,6.568,wheat_white
92,20.796,7.028,3.768,0.777,7.161,wheat_white
93,16.424,6.257,3.342,0.754,6.444,wheat_white
94,19.428,6.822,3.626,0.767,7.019,wheat_white
95,18.925,6.795,3.546,0.768,6.86,wheat_white
96,14.766,6.167,3.048,0.729,6.365,wheat_white
97,21.929,6.986,3.997,0.773,7.132,wheat_white
98,19.648,6.954,3.597,0.737,7.186,wheat_white
99,17.77,6.15,3.679,0.805,6.297,wheat_white