Date,Treatment,Percent,Minutes,Plate_dilution,CFU_plate,Germ_Total,Germ_Seeds,Germ_Perc,CFU_200seeds
7/6/22,H2O2,0,1,2,119,200,114,57,11900
7/6/22,H2O2,0,5,2,115,200,110,55,11500
7/6/22,H2O2,0,10,2,47,200,98,49,4700
7/6/22,H2O2,0,15,6,11,200,119,59.5,11000000
7/6/22,H2O2,3,1,2,118,200,76,38,11800
7/6/22,H2O2,3,5,4,2,200,148,74,20000
7/6/22,H2O2,3,10,2,101,200,170,85,10100
7/6/22,H2O2,3,15,2,66,200,182,91,6600
7/6/22,H2O2,6,1,2,268,200,99,49.5,26800
7/6/22,H2O2,6,5,2,18,200,120,60,1800
7/6/22,H2O2,6,10,2,8,200,153,76.5,800
7/6/22,H2O2,6,15,2,21,200,123,61.5,2100
7/6/22,H2O2,12,1,2,28,200,120,60,2800
7/6/22,H2O2,12,5,2,14,200,127,63.5,1400
7/6/22,H2O2,12,10,2,5,200,127,63.5,500
7/6/22,H2O2,12,15,2,2,200,142,71,200
7/6/22,H2O2,30,1,2,8,200,145,72.5,800
7/6/22,H2O2,30,5,2,4,200,133,66.5,400
7/6/22,H2O2,30,10,2,0,200,126,63,0
7/6/22,H2O2,30,15,2,2,200,91,45.5,200
7/13/22,Bleach,0,1,4,145,200,139,69.5,1450000
7/13/22,Bleach,0,5,4,38,200,124,62,380000
7/13/22,Bleach,0,10,4,80,200,132,66,800000
7/13/22,Bleach,0,15,6,12,200,130,65,12000000
7/13/22,Bleach,1,1,2,392,200,146,73,39200
7/13/22,Bleach,1,5,2,197,200,158,79,19700
7/13/22,Bleach,1,10,2,303,200,140,70,30300
7/13/22,Bleach,1,15,2,447,200,154,77,44700
7/13/22,Bleach,2,1,2,269,200,137,68.5,26900
7/13/22,Bleach,2,5,2,98,200,167,83.5,9800
7/13/22,Bleach,2,10,2,84,200,144,72,8400
7/13/22,Bleach,2,15,2,264,200,135,67.5,26400
7/13/22,Bleach,5,1,2,44,200,122,61,4400
7/13/22,Bleach,5,5,2,32,200,124,62,3200
7/13/22,Bleach,5,10,2,18,200,139,69.5,1800
7/13/22,Bleach,5,15,2,0,200,162,81,0
7/13/22,Bleach,10,1,2,84,200,143,71.5,8400
7/13/22,Bleach,10,5,2,37,200,144,72,3700
7/13/22,Bleach,10,10,2,1,200,155,77.5,100
7/13/22,Bleach,10,15,2,3,200,146,73,300
7/18/22,Vinegar,0,1,4,1144,200,134,67,11440000
7/18/22,Vinegar,0,5,4,428,200,141,70.5,4280000
7/18/22,Vinegar,0,10,4,262,200,146,73,2620000
7/18/22,Vinegar,0,15,4,864,200,150,75,8640000
7/18/22,Vinegar,1,1,4,201,200,126,63,2010000
7/18/22,Vinegar,1,5,4,74,200,132,66,740000
7/18/22,Vinegar,1,10,4,59,200,128,64,590000
7/18/22,Vinegar,1,15,4,7,200,132,66,70000
7/18/22,Vinegar,3,1,4,39,200,129,64.5,390000
7/18/22,Vinegar,3,5,4,9,200,111,55.5,90000
7/18/22,Vinegar,3,10,4,3,200,106,53,30000
7/18/22,Vinegar,3,15,4,4,200,104,52,40000
7/18/22,Vinegar,5,1,4,20,200,122,61,200000
7/18/22,Vinegar,5,5,2,97,200,79,39.5,9700
7/18/22,Vinegar,5,10,2,17,200,62,31,1700
7/18/22,Vinegar,5,15,2,18,200,37,18.5,1800
7/20/22,H2O2,0,1,6,14,200,155,77.5,14000000
7/20/22,H2O2,0,5,6,7,200,154,77,7000000
7/20/22,H2O2,0,10,6,21,200,137,68.5,21000000
7/20/22,H2O2,0,15,6,1,200,144,72,1000000
7/20/22,H2O2,3,1,6,12,200,143,71.5,12000000
7/20/22,H2O2,3,5,6,1,200,148,74,1000000
7/20/22,H2O2,3,10,6,2,200,144,72,2000000
7/20/22,H2O2,3,15,6,3,200,160,80,3000000
7/20/22,H2O2,6,1,4,395,200,152,76,3950000
7/20/22,H2O2,6,5,4,362,200,148,74,3620000
7/20/22,H2O2,6,10,4,122,200,158,79,1220000
7/20/22,H2O2,6,15,4,5,200,142,71,50000
7/20/22,H2O2,12,1,4,106,200,155,77.5,1060000
7/20/22,H2O2,12,5,4,27,200,176,88,270000
7/20/22,H2O2,12,10,2,28,200,160,80,2800
7/20/22,H2O2,12,15,2,4,200,169,84.5,400
7/20/22,H2O2,30,1,4,22,200,152,76,220000
7/20/22,H2O2,30,5,4,1,200,149,74.5,10000
7/20/22,H2O2,30,10,4,1,200,119,59.5,10000
7/20/22,H2O2,30,15,4,1,200,113,56.5,10000
7/21/22,HCA,0,1,6,16,200,143,71.5,16000000
7/21/22,HCA,0,5,6,1,200,152,76,1000000
7/21/22,HCA,0,10,6,3,200,151,75.5,3000000
7/21/22,HCA,0,15,6,1,200,147,73.5,1000000
7/21/22,HCA,10,1,4,69,200,140,70,690000
7/21/22,HCA,10,5,4,78,200,135,67.5,780000
7/21/22,HCA,10,10,4,238,200,151,75.5,2380000
7/21/22,HCA,10,15,4,86,200,141,70.5,860000
7/21/22,HCA,50,1,4,18,200,124,62,180000
7/21/22,HCA,50,5,4,19,200,131,65.5,190000
7/21/22,HCA,50,10,4,5,200,124,62,50000
7/21/22,HCA,50,15,4,26,200,112,56,260000
7/21/22,HCA,100,1,2,27,200,89,44.5,2700
7/21/22,HCA,100,5,4,21,200,108,54,210000
7/21/22,HCA,100,10,2,204,200,120,60,20400
7/21/22,HCA,100,15,4,4,200,132,66,40000
7/25/22,Bleach,0,1,4,123,200,125,62.5,1230000
7/25/22,Bleach,0,5,4,126,200,110,55,1260000
7/25/22,Bleach,0,10,4,22,200,125,62.5,220000
7/25/22,Bleach,0,15,4,158,200,116,58,1580000
7/25/22,Bleach,1,1,4,18,200,102,51,180000
7/25/22,Bleach,1,5,4,103,200,111,55.5,1030000
7/25/22,Bleach,1,10,4,7,200,114,57,70000
7/25/22,Bleach,1,15,4,17,200,116,58,170000
7/25/22,Bleach,2,1,4,28,200,108,54,280000
7/25/22,Bleach,2,5,4,30,200,128,64,300000
7/25/22,Bleach,2,10,4,19,200,114,57,190000
7/25/22,Bleach,2,15,4,17,200,99,49.5,170000
7/25/22,Bleach,5,1,4,34,200,114,57,340000
7/25/22,Bleach,5,5,2,103,200,127,63.5,10300
7/25/22,Bleach,5,10,4,10,200,165,82.5,100000
7/25/22,Bleach,5,15,4,28,200,99,49.5,280000
7/25/22,Bleach,10,1,4,36,200,107,53.5,360000
7/25/22,Bleach,10,5,4,21,200,101,50.5,210000
7/25/22,Bleach,10,10,2,55,200,119,59.5,5500
7/25/22,Bleach,10,15,2,43,200,89,44.5,4300
7/27/22,Vinegar,0,1,4,97,200,104,52,970000
7/27/22,Vinegar,0,5,4,90,200,90,45,900000
7/27/22,Vinegar,0,10,4,103,200,105,52.5,1030000
7/27/22,Vinegar,0,15,4,121,200,111,55.5,1210000
7/27/22,Vinegar,1,1,4,7,200,113,56.5,70000
7/27/22,Vinegar,1,5,4,5,200,118,59,50000
7/27/22,Vinegar,1,10,2,115,200,102,51,11500
7/27/22,Vinegar,1,15,4,4,200,121,60.5,40000
7/27/22,Vinegar,3,1,4,78,200,118,59,780000
7/27/22,Vinegar,3,5,2,45,200,99,49.5,4500
7/27/22,Vinegar,3,10,2,60,200,86,43,6000
7/27/22,Vinegar,3,15,2,16,200,89,44.5,1600
7/27/22,Vinegar,5,1,4,80,200,120,60,800000
7/27/22,Vinegar,5,5,2,18,200,81,40.5,1800
7/27/22,Vinegar,5,10,2,14,200,75,37.5,1400
7/27/22,Vinegar,5,15,2,14,200,51,25.5,1400
7/28/22,HCA,0,1,4,123,200,129,64.5,1230000
7/28/22,HCA,0,5,4,169,200,136,68,1690000
7/28/22,HCA,0,10,6,1,200,135,67.5,1000000
7/28/22,HCA,0,15,4,66,200,137,68.5,660000
7/28/22,HCA,10,1,4,27,200,124,62,270000
7/28/22,HCA,10,5,4,6,200,121,60.5,60000
7/28/22,HCA,10,10,4,15,200,126,63,150000
7/28/22,HCA,10,15,4,9,200,130,65,90000
7/28/22,HCA,50,1,4,3,200,127,63.5,30000
7/28/22,HCA,50,5,4,4,200,131,65.5,40000
7/28/22,HCA,50,10,4,36,200,123,61.5,360000
7/28/22,HCA,50,15,4,3,200,111,55.5,30000
7/28/22,HCA,100,1,2,52,200,120,60,5200
7/28/22,HCA,100,5,2,57,200,126,63,5700
7/28/22,HCA,100,10,4,2,200,104,52,20000
7/28/22,HCA,100,15,2,38,200,128,64,3800
8/1/22,H2O2,0,1,6,12,200,105,52.5,12000000
8/1/22,H2O2,0,5,6,124,200,99,49.5,124000000
8/1/22,H2O2,0,10,6,9,200,122,61,9000000
8/1/22,H2O2,0,15,6,3,200,124,62,3000000
8/1/22,H2O2,3,1,6,1,200,108,54,1000000
8/1/22,H2O2,3,5,6,4,200,122,61,4000000
8/1/22,H2O2,3,10,6,4,200,117,58.5,4000000
8/1/22,H2O2,3,15,6,1,200,121,60.5,1000000
8/1/22,H2O2,6,1,4,20,200,137,68.5,200000
8/1/22,H2O2,6,5,4,82,200,104,52,820000
8/1/22,H2O2,6,10,4,46,200,107,53.5,460000
8/1/22,H2O2,6,15,4,112,200,110,55,1120000
8/1/22,H2O2,12,1,2,92,200,115,57.5,9200
8/1/22,H2O2,12,5,2,4,200,117,58.5,400
8/1/22,H2O2,12,10,4,7,200,126,63,70000
8/1/22,H2O2,12,15,4,25,200,129,64.5,250000
8/1/22,H2O2,30,1,6,1,200,130,65,1000000
8/1/22,H2O2,30,5,4,14,200,123,61.5,140000
8/1/22,H2O2,30,10,4,18,200,118,59,180000
8/1/22,H2O2,30,15,4,9,200,104,52,90000
8/3/22,Bleach,0,1,6,7,200,104,52,7000000
8/3/22,Bleach,0,5,6,4,200,109,54.5,4000000
8/3/22,Bleach,0,10,6,10,200,124,62,10000000
8/3/22,Bleach,0,15,6,5,200,129,64.5,5000000
8/3/22,Bleach,1,1,4,20,200,119,59.5,200000
8/3/22,Bleach,1,5,4,42,200,108,54,420000
8/3/22,Bleach,1,10,4,107,200,122,61,1070000
8/3/22,Bleach,1,15,4,55,200,121,60.5,550000
8/3/22,Bleach,2,1,4,88,200,137,68.5,880000
8/3/22,Bleach,2,5,4,27,200,123,61.5,270000
8/3/22,Bleach,2,10,4,45,200,119,59.5,450000
8/3/22,Bleach,2,15,4,17,200,127,63.5,170000
8/3/22,Bleach,5,1,4,132,200,121,60.5,1320000
8/3/22,Bleach,5,5,4,25,200,131,65.5,250000
8/3/22,Bleach,5,10,4,9,200,123,61.5,90000
8/3/22,Bleach,5,15,4,67,200,132,66,670000
8/3/22,Bleach,10,1,4,90,200,143,71.5,900000
8/3/22,Bleach,10,5,4,3,200,125,62.5,30000
8/3/22,Bleach,10,10,4,4,200,118,59,40000
8/3/22,Bleach,10,15,4,6,200,137,68.5,60000
8/8/22,HCA,0,1,6,1,200,76,38,1000000
8/8/22,HCA,0,5,6,1,200,88,44,1000000
8/8/22,HCA,0,10,6,5,200,81,40.5,5000000
8/8/22,HCA,0,15,6,20,200,97,48.5,20000000
8/8/22,HCA,10,1,4,145,200,115,57.5,1450000
8/8/22,HCA,10,5,4,176,200,99,49.5,1760000
8/8/22,HCA,10,10,4,69,200,98,49,690000
8/8/22,HCA,10,15,6,357,200,108,54,357000000
8/8/22,HCA,50,1,4,24,200,115,57.5,240000
8/8/22,HCA,50,5,4,40,200,108,54,400000
8/8/22,HCA,50,10,4,107,200,116,58,1070000
8/8/22,HCA,50,15,6,63,200,82,41,63000000
8/8/22,HCA,100,1,4,44,200,113,56.5,440000
8/8/22,HCA,100,5,4,14,200,108,54,140000
8/8/22,HCA,100,10,4,48,200,93,46.5,480000
8/8/22,HCA,100,15,4,3,200,98,49,30000
8/8/22,Vinegar,0,1,6,9,200,133,66.5,9000000
8/8/22,Vinegar,0,5,6,5,200,101,50.5,5000000
8/8/22,Vinegar,0,10,6,7,200,127,63.5,7000000
8/8/22,Vinegar,0,15,6,4,200,136,68,4000000
8/8/22,Vinegar,1,1,6,4,200,117,58.5,4000000
8/8/22,Vinegar,1,5,4,60,200,97,48.5,600000
8/8/22,Vinegar,1,10,4,26,200,99,49.5,260000
8/8/22,Vinegar,1,15,6,1,200,94,47,1000000
8/8/22,Vinegar,3,1,6,3,200,107,53.5,3000000
8/8/22,Vinegar,3,5,4,3,200,96,48,30000
8/8/22,Vinegar,3,10,4,1,200,60,30,10000
8/8/22,Vinegar,3,15,2,13,200,74,37,1300
8/8/22,Vinegar,5,1,4,27,200,92,46,270000
8/8/22,Vinegar,5,5,2,16,200,43,21.5,1600
8/8/22,Vinegar,5,10,2,20,200,30,15,2000
8/8/22,Vinegar,5,15,2,16,200,26,13,1600
8/11/22,HCA,0,1,6,309,200,175,87.5,309000000
8/11/22,HCA,0,5,6,11,200,181,90.5,11000000
8/11/22,HCA,0,10,6,113,200,190,95,113000000
8/11/22,HCA,0,15,6,148,200,193,96.5,148000000
8/11/22,HCA,10,1,4,47,200,196,98,470000
8/11/22,HCA,10,5,6,21,200,185,92.5,21000000
8/11/22,HCA,10,10,6,354,200,183,91.5,354000000
8/11/22,HCA,10,15,4,64,200,188,94,640000
8/11/22,HCA,50,1,6,10,200,189,94.5,10000000
8/11/22,HCA,50,5,4,89,200,178,89,890000
8/11/22,HCA,50,10,4,134,200,186,93,1340000
8/11/22,HCA,50,15,4,85,200,182,91,850000
8/11/22,HCA,100,1,6,22,200,170,85,22000000
8/11/22,HCA,100,5,6,6,200,184,92,6000000
8/11/22,HCA,100,10,6,5,200,181,90.5,5000000
8/11/22,HCA,100,15,6,2,200,188,94,2000000
8/15/22,H2O2,0,1,6,140,200,190,95,140000000
8/15/22,H2O2,0,5,6,4,200,189,94.5,4000000
8/15/22,H2O2,0,10,6,218,200,189,94.5,218000000
8/15/22,H2O2,0,15,6,8,200,194,97,8000000
8/15/22,H2O2,3,1,4,84,200,184,92,840000
8/15/22,H2O2,3,5,6,17,200,186,93,17000000
8/15/22,H2O2,3,10,4,85,200,192,96,850000
8/15/22,H2O2,3,15,4,11,200,193,96.5,110000
8/15/22,H2O2,6,1,6,3,200,185,92.5,3000000
8/15/22,H2O2,6,5,4,37,200,196,98,370000
8/15/22,H2O2,6,10,6,64,200,194,97,64000000
8/15/22,H2O2,6,15,2,15,200,191,95.5,1500
8/15/22,H2O2,12,1,6,10,200,190,95,10000000
8/15/22,H2O2,12,5,2,116,200,192,96,11600
8/15/22,H2O2,12,10,6,4,200,183,91.5,4000000
8/15/22,H2O2,12,15,2,194,200,196,98,19400
8/15/22,H2O2,30,1,6,6,200,194,97,6000000
8/15/22,H2O2,30,5,4,126,200,178,89,1260000
8/15/22,H2O2,30,10,4,110,200,194,97,1100000
8/15/22,H2O2,30,15,2,102,200,197,98.5,10200
8/17/22,Vinegar,0,1,6,6,200,189,94.5,6000000
8/17/22,Vinegar,0,5,6,22,200,172,86,22000000
8/17/22,Vinegar,0,10,6,13,200,192,96,13000000
8/17/22,Vinegar,0,15,6,7,200,195,97.5,7000000
8/17/22,Vinegar,1,1,6,71,200,188,94,71000000
8/17/22,Vinegar,1,5,6,7,200,196,98,7000000
8/17/22,Vinegar,1,10,6,47,200,195,97.5,47000000
8/17/22,Vinegar,1,15,4,95,200,199,99.5,950000
8/17/22,Vinegar,3,1,6,7,200,198,99,7000000
8/17/22,Vinegar,3,5,6,4,200,194,97,4000000
8/17/22,Vinegar,3,10,6,4,200,190,95,4000000
8/17/22,Vinegar,3,15,6,2,200,186,93,2000000
8/17/22,Vinegar,5,1,6,7,200,186,93,7000000
8/17/22,Vinegar,5,5,4,46,200,185,92.5,460000
8/17/22,Vinegar,5,10,2,3,200,179,89.5,300
8/17/22,Vinegar,5,15,6,1,200,159,79.5,1000000
8/18/22,Bleach,0,1,4,1000,200,189,94.5,10000000
8/18/22,Bleach,0,5,4,1000,200,190,95,10000000
8/18/22,Bleach,0,10,4,1000,200,192,96,10000000
8/18/22,Bleach,0,15,4,1000,200,185,92.5,10000000
8/18/22,Bleach,1,1,4,145,200,177,88.5,1450000
8/18/22,Bleach,1,5,4,1000,200,179,89.5,10000000
8/18/22,Bleach,1,10,4,10,200,187,93.5,100000
8/18/22,Bleach,1,15,4,552,200,174,87,5520000
8/18/22,Bleach,2,1,4,54,200,195,97.5,540000
8/18/22,Bleach,2,5,6,150,200,190,95,150000000
8/18/22,Bleach,2,10,6,25,200,188,94,25000000
8/18/22,Bleach,2,15,6,5,200,181,90.5,5000000
8/18/22,Bleach,5,1,6,2,200,190,95,2000000
8/18/22,Bleach,5,5,6,4,200,187,93.5,4000000
8/18/22,Bleach,5,10,6,1,200,191,95.5,1000000
8/18/22,Bleach,5,15,4,1,200,195,97.5,10000
8/18/22,Bleach,10,1,4,5,200,188,94,50000
8/18/22,Bleach,10,5,4,73,200,194,97,730000
8/18/22,Bleach,10,10,6,1,200,192,96,1000000
8/18/22,Bleach,10,15,2,1,200,193,96.5,100